segment_name	construct	instrument_type	read_pattern	expected_neg	slide_name	class	segment	area	region	pathology	nuclei	ROI_Coordinate_X	ROI_Coordinate_Y	Date	SampleID	Plate_ID	Well	SeqSetId	Raw	Trimmed	Stitched	Aligned	umiQ30	rtsQ30	DeduplicatedReads	roi	aoi	ProbeCounts	NTC	NegProbe_pct	Trimmed (%)	Stitched (%)	Aligned (%)	Saturated (%)	NegGeoMean	QCStatus	Flag
DSP-1001250007851-H-A02.dcc	directPCR	NextSeq	2x27	0	disease3	DKD	Geometric Segment	31797.59	glomerulus	abnormal	225	89.11666516214609	108.3638199605048	2020-06-15	DSP-1001250007851-H-A02	1001250007851	A02		5521543	5471679	5426943	5182304	0.9939	0.9932	519757	7	Geometric Segment-aoi-001	518381	1631	0.31562651185292695	99.09691910395337	98.28671079805046	93.85608334481866	89.97054206005669	10.76682454275108	PASS	PASS
DSP-1001250007851-H-A03.dcc	directPCR	NextSeq	2x27	0	disease3	DKD	Geometric Segment	16920.1	glomerulus	abnormal	132	237.667560018599	124.1700559854507	2020-06-15	DSP-1001250007851-H-A03	1001250007851	A03		3688649	3661664	3634011	3470622	0.9948	0.9942	342783	8	Geometric Segment-aoi-001	341993	1069	0.3135596203259377	99.26843134166465	98.51875307192417	94.08924514097167	90.1232977835097	6.915184059859577	PASS	PASS
DSP-1001250007851-H-A04.dcc	directPCR	NextSeq	2x27	0	disease3	DKD	Geometric Segment	14312.33	glomerulus	abnormal	114	174.0072347223759	167.7558889146894	2020-06-15	DSP-1001250007851-H-A04	1001250007851	A04		2470587	2452568	2432975	2325816	0.9949	0.9943	299883	9	Geometric Segment-aoi-001	299237	865	0.289906559596745	99.27065915913911	98.4776087626139	94.14021849868068	87.10633171325676	5.424433831393756	PASS	PASS
DSP-1001250007851-H-A05.dcc	directPCR	NextSeq	2x27	0	disease3	DKD	Geometric Segment	20032.84	glomerulus	abnormal	89	184.2987348325551	69.38999244011939	2020-06-15	DSP-1001250007851-H-A05	1001250007851	A05		3703066	3654886	3618022	3459194	0.9925	0.9909	392537	10	Geometric Segment-aoi-001	391690	1157	0.29626177557338307	98.69891597935333	97.70341657426576	93.41432207797538	88.65235658942517	7.24305352296018	PASS	PASS
DSP-1001250007851-H-A06.dcc	directPCR	NextSeq	2x27	0	disease3	DKD	Geometric Segment	27583.26	glomerulus	abnormal	132	374.3044396862388	177.3259686306119	2020-06-15	DSP-1001250007851-H-A06	1001250007851	A06		5916477	5856159	5802764	5548026	0.9934	0.9923	594119	11	Geometric Segment-aoi-001	592494	1710	0.28944588885277867	98.98050816389551	98.07802852947793	93.77245952278696	89.29134434481742	11.327974289733813	PASS	PASS
DSP-1001250007851-H-A07.dcc	directPCR	NextSeq	2x27	0	disease3	DKD	Geometric Segment	18164.84	glomerulus	abnormal	169	134.2849938198924	167.0598905067891	2020-06-15	DSP-1001250007851-H-A07	1001250007851	A07		2723251	2701322	2681044	2561699	0.9944	0.9937	257262	12	Geometric Segment-aoi-001	256720	819	0.3200456426508689	99.1947492170204	98.45012450192803	94.06767866788628	89.95736813731824	5.077271951537252	PASS	PASS
DSP-1001250007851-H-A08.dcc	directPCR	NextSeq	2x27	0	disease3	DKD	Geometric Segment	25827.59	glomerulus	abnormal	105	390.9864534623921	87.09750142879784	2020-06-15	DSP-1001250007851-H-A08	1001250007851	A08		6274410	6227843	6175954	5907459	0.995	0.9943	536785	13	Geometric Segment-aoi-001	535308	1566	0.2934001821104579	99.25782663230487	98.43083254043009	94.15162541179171	90.91343672465607	10.375190182780248	PASS	PASS
DSP-1001250007851-H-A09.dcc	directPCR	NextSeq	2x27	0	disease3	DKD	Geometric Segment	12021.51	glomerulus	abnormal	55	127.5488512590528	64.29500328376889	2020-06-15	DSP-1001250007851-H-A09	1001250007851	A09		2873507	2850166	2827703	2701890	0.9944	0.9936	281428	14	Geometric Segment-aoi-001	280908	823	0.293839370191192	99.18771730850142	98.40598961478082	94.02761155619248	89.58403191839787	5.240652488653297	PASS	PASS
DSP-1001250007851-H-A10.dcc	directPCR	NextSeq	2x27	0	disease3	DKD	Geometric Segment	22156.95	glomerulus	abnormal	164	240.2688088826835	25.30797948129475	2020-06-15	DSP-1001250007851-H-A10	1001250007851	A10		4311045	4274528	4240919	4047813	0.9941	0.9933	411528	15	Geometric Segment-aoi-001	410481	1293	0.31599167131000905	99.15294319590726	98.37334103448235	93.89400945710379	89.83332481021233	8.444870185256772	PASS	PASS
DSP-1001250007851-H-A11.dcc	directPCR	NextSeq	2x27	0	disease3	DKD	Geometric Segment	26042.71	glomerulus	abnormal	92	137.7796158194542	182.9490654170513	2020-06-15	DSP-1001250007851-H-A11	1001250007851	A11		4771232	4723805	4681130	4464995	0.9937	0.9929	512650	16	Geometric Segment-aoi-001	511169	1656	0.32501624099875764	99.005980006841	98.1115569312077	93.58159485851873	88.51846418641006	10.904874808595205	PASS	PASS
DSP-1001250007851-H-A12.dcc	directPCR	NextSeq	2x27	0	disease3	DKD	Geometric Segment	14519.38	glomerulus	abnormal	131	276.6328888945282	19.52763772569597	2020-06-15	DSP-1001250007851-H-A12	1001250007851	A12		2891046	2864976	2843198	2718347	0.9939	0.9932	281743	17	Geometric Segment-aoi-001	281164	902	0.32184170526150535	99.0982502526767	98.34495888339376	94.0264181199469	89.63550275222406	5.771754759884931	PASS	PASS
DSP-1001250007851-H-B01.dcc	directPCR	NextSeq	2x27	0	disease3	DKD	Geometric Segment	24344.16	glomerulus	abnormal	107	346.7631566338241	24.5896402746439	2020-06-15	DSP-1001250007851-H-B01	1001250007851	B01		4452245	4417956	4383805	4176468	0.9945	0.9937	305363	18	Geometric Segment-aoi-001	304595	1033	0.34029292203899036	99.22984921090371	98.46279798169239	93.80588893917563	92.6884870182173	6.6073031282476595	PASS	PASS
DSP-1001250007851-H-B02.dcc	directPCR	NextSeq	2x27	0	disease3	DKD	Geometric Segment	19077.46	glomerulus	abnormal	156	14.07178193330765	179.8527375329286	2020-06-15	DSP-1001250007851-H-B02	1001250007851	B02		3653435	3621399	3591115	3431728	0.9942	0.9935	281849	19	Geometric Segment-aoi-001	281243	879	0.3135209941361944	99.12312659182386	98.29420805351677	93.93154661298203	91.78696563363997	5.692909447071635	PASS	PASS
DSP-1001250007851-H-B03.dcc	directPCR	NextSeq	2x27	0	disease3	DKD	Geometric Segment	21760.92	glomerulus	abnormal	111	211.4789883606136	86.56862988136709	2020-06-15	DSP-1001250007851-H-B03	1001250007851	B03		3197194	3175551	3151313	3006682	0.9948	0.9942	257942	20	Geometric Segment-aoi-001	257420	844	0.3289473684210526	99.32306266057049	98.56496039965045	94.04127494296561	91.42104153349106	5.265074646907589	PASS	PASS
DSP-1001250007851-H-B04.dcc	directPCR	NextSeq	2x27	0	disease3	DKD	Geometric Segment	20961.11	glomerulus	abnormal	74	17.40577109158039	162.1026041451842	2020-06-15	DSP-1001250007851-H-B04	1001250007851	B04		4882585	4836584	4798184	4586350	0.9936	0.9928	347716	21	Geometric Segment-aoi-001	346867	1172	0.3390271771359146	99.05785562360921	98.2713869804622	93.93282451815995	92.41845912326797	7.609135981651117	PASS	PASS
DSP-1001250007851-H-B05.dcc	directPCR	NextSeq	2x27	0	disease3	DKD	Geometric Segment	19698.46	glomerulus	abnormal	168	202.6239704340696	50.34655597992241	2020-06-15	DSP-1001250007851-H-B05	1001250007851	B05		3882939	3853351	3820903	3648769	0.9948	0.994	295221	22	Geometric Segment-aoi-001	294592	935	0.3183986760063612	99.23799987586722	98.40234420370754	93.96925885263714	91.9090246600977	5.888644831190313	PASS	PASS
DSP-1001250007851-H-B06.dcc	directPCR	NextSeq	2x27	0	disease3	DKD	Geometric Segment	19074.88	glomerulus	abnormal	74	335.6451655738056	27.62422277592123	2020-06-15	DSP-1001250007851-H-B06	1001250007851	B06		3276177	3240761	3213371	3067729	0.9931	0.9926	289544	23	Geometric Segment-aoi-001	288813	892	0.30980720405944684	98.91898392547166	98.08294850980273	93.6374622006076	90.56161740492723	5.61516410984546	PASS	PASS
DSP-1001250007851-H-B07.dcc	directPCR	NextSeq	2x27	0	disease3	DKD	Geometric Segment	18329.61	glomerulus	abnormal	140	41.38784473761916	199.6933110523969	2020-06-15	DSP-1001250007851-H-B07	1001250007851	B07		2780291	2752881	2729823	2602394	0.9936	0.9928	246222	24	Geometric Segment-aoi-001	245666	800	0.32670930223060773	99.01413197395524	98.18479432548607	93.60149710947523	90.5386348108703	5.045526308292081	PASS	PASS
DSP-1001250007851-H-B08.dcc	directPCR	NextSeq	2x27	0	disease3	DKD	Geometric Segment	21006.46	glomerulus	abnormal	127	335.0368318147957	174.0296990144998	2020-06-15	DSP-1001250007851-H-B08	1001250007851	B08		4218502	4185983	4153266	3966295	0.9945	0.9938	281872	25	Geometric Segment-aoi-001	281238	905	0.32283034819304185	99.22913394375539	98.45357427826275	94.02140854739432	92.89331731502574	5.798287878477553	PASS	PASS
DSP-1001250007851-H-B09.dcc	directPCR	NextSeq	2x27	0	disease3	DKD	Geometric Segment	25569.54	glomerulus	abnormal	121	308.3153658546507	195.9131734445691	2020-06-15	DSP-1001250007851-H-B09	1001250007851	B09		4400969	4366099	4333565	4088336	0.9944	0.9936	313398	26	Geometric Segment-aoi-001	312627	1053	0.33796144736081957	99.20767449168581	98.46842820297076	92.8962689807631	92.3343384692452	6.727640618452123	PASS	PASS
DSP-1001250007851-H-B10.dcc	directPCR	NextSeq	2x27	0	disease3	DKD	Geometric Segment	25085.55	glomerulus	abnormal	128	216.7511401697993	37.77766870334744	2020-06-15	DSP-1001250007851-H-B10	1001250007851	B10		4253975	4217827	4184410	3970364	0.9941	0.9933	315017	27	Geometric Segment-aoi-001	314251	1002	0.3198733276083882	99.1502535863516	98.36470595149243	93.3330355726115	92.06579044138019	6.3264704879531335	PASS	PASS
DSP-1001250007851-H-B11.dcc	directPCR	NextSeq	2x27	0	disease3	DKD	Geometric Segment	26709.05	glomerulus	abnormal	176	24.61661975830793	155.3685141727328	2020-06-15	DSP-1001250007851-H-B11	1001250007851	B11		4432495	4379055	4334663	4135907	0.993	0.9916	339534	28	Geometric Segment-aoi-001	338676	1147	0.33982265227580444	98.79435848207386	97.79284579001217	93.30877981813855	91.79057943034019	7.461960054008408	PASS	PASS
DSP-1001250007851-H-B12.dcc	directPCR	NextSeq	2x27	0	disease3	DKD	Geometric Segment	22800.22	glomerulus	abnormal	94	297.3244877532125	124.8348778113723	2020-06-15	DSP-1001250007851-H-B12	1001250007851	B12		2940990	2916751	2894027	2765355	0.9943	0.9936	211391	29	Geometric Segment-aoi-001	211019	702	0.33378186261690684	99.17582174709877	98.40315676013859	94.02803137718931	92.35573732848043	4.241571025103505	PASS	PASS
DSP-1001250007851-H-C01.dcc	directPCR	NextSeq	2x27	0	disease3	DKD	Geometric Segment	27694.13	glomerulus	abnormal	110	24.14871016517282	110.5587710626423	2020-06-15	DSP-1001250007851-H-C01	1001250007851	C01		2796433	2773828	2753266	2632365	0.9943	0.9936	399098	30	Geometric Segment-aoi-001	398062	1373	0.34611496663633223	99.19164878972605	98.45635493501901	94.13295437437621	84.83880464905133	9.098723075959	PASS	PASS
DSP-1001250007851-H-C02.dcc	directPCR	NextSeq	2x27	0	disease3	DKD	Geometric Segment	19642.94	glomerulus	abnormal	86	166.2250149063766	170.1998001895845	2020-06-15	DSP-1001250007851-H-C02	1001250007851	C02		1946817	1931555	1916167	1834373	0.9943	0.9935	261420	31	Geometric Segment-aoi-001	260923	788	0.3029196378803314	99.21605369174401	98.4256352805631	94.22421316436008	85.74880899359071	4.885994214702782	PASS	PASS
DSP-1001250007851-H-C03.dcc	directPCR	NextSeq	2x27	0	disease3	DKD	Geometric Segment	29678.81	glomerulus	abnormal	250	60.01604609191418	43.99176361039281	2020-06-15	DSP-1001250007851-H-C03	1001250007851	C03		2801068	2775979	2753163	2625099	0.994	0.9933	474411	32	Geometric Segment-aoi-001	473241	1438	0.30478822728977983	99.10430592902422	98.28975947745646	93.71778907188258	81.92788157703767	9.368851623125455	PASS	PASS
DSP-1001250007851-H-C04.dcc	directPCR	NextSeq	2x27	0	disease3	DKD	Geometric Segment	18317.35	glomerulus	abnormal	177	330.744507163763	68.00438454374671	2020-06-15	DSP-1001250007851-H-C04	1001250007851	C04		1773282	1757069	1743366	1666863	0.9938	0.9931	247088	33	Geometric Segment-aoi-001	246632	644	0.26180138868562697	99.08570661631934	98.31295868339046	93.99875485117425	85.17646621228019	4.089909642217125	PASS	PASS
DSP-1001250007851-H-C05.dcc	directPCR	NextSeq	2x27	0	disease3	DKD	Geometric Segment	16730.8	glomerulus	abnormal	70	85.5587961152196	168.7291190493852	2020-06-15	DSP-1001250007851-H-C05	1001250007851	C05		1684194	1669504	1652764	1580108	0.9945	0.9937	241410	34	Geometric Segment-aoi-001	240930	666	0.2771950854060533	99.12777269126953	98.13382543816212	93.81983310711236	84.7219303996942	4.220754839545078	PASS	PASS
DSP-1001250007851-H-C06.dcc	directPCR	NextSeq	2x27	0	disease3	DKD	Geometric Segment	20956.11	glomerulus	abnormal	83	124.2508459836245	142.4738877918571	2020-06-15	DSP-1001250007851-H-C06	1001250007851	C06		1618777	1598333	1583035	1511756	0.9924	0.9911	268794	35	Geometric Segment-aoi-001	268258	760	0.28411427375157944	98.73707125811647	97.79203682780272	93.38877436484458	82.2197497479752	4.72022048527317	PASS	PASS
DSP-1001250007851-H-C07.dcc	directPCR	NextSeq	2x27	0	disease3	DKD	Geometric Segment	17982.8	glomerulus	abnormal	67	226.1838670819998	163.3504438214004	2020-06-15	DSP-1001250007851-H-C07	1001250007851	C07		1462293	1447082	1434666	1262945	0.9931	0.9922	235818	36	Geometric Segment-aoi-001	235409	614	0.26150471688068316	98.95978439341499	98.11070695134285	86.36743798951373	81.32792797786126	3.769982810905969	PASS	PASS
DSP-1001250007851-H-C08.dcc	directPCR	NextSeq	2x27	0	disease3	DKD	Geometric Segment	27578.42	glomerulus	abnormal	124	251.2278517708182	175.923286145553	2020-06-15	DSP-1001250007851-H-C08	1001250007851	C08		1994845	1979784	1964017	1856885	0.9946	0.9939	297237	37	Geometric Segment-aoi-001	296546	865	0.29254500627365304	99.24500399780433	98.45461677473688	93.0841744596698	83.99270821833339	5.528970037459778	PASS	PASS
DSP-1001250007851-H-C09.dcc	directPCR	NextSeq	2x27	0	disease3	DKD	Geometric Segment	22428.88	glomerulus	abnormal	197	311.8798699229956	69.2920673172921	2020-06-15	DSP-1001250007851-H-C09	1001250007851	C09		1195802	1186754	1177368	1120898	0.9944	0.9937	182537	38	Geometric Segment-aoi-001	182288	446	0.2452678699090419	99.24335299656633	98.4584404441538	93.73608674345752	83.71511056313777	2.6353706606093774	PASS	PASS
DSP-1001250007851-H-C10.dcc	directPCR	NextSeq	2x27	0	disease3	DKD	Geometric Segment	22709.36	glomerulus	abnormal	88	370.2073487453163	24.81986191123724	2020-06-15	DSP-1001250007851-H-C10	1001250007851	C10		1157923	1149574	1140216	1088847	0.995	0.9943	150692	39	Geometric Segment-aoi-001	150613	455	0.30301415841979784	99.2789675997454	98.47079641737835	94.03449106719532	86.16040637481667	2.764078479559392	PASS	PASS
DSP-1001250007851-H-C11.dcc	directPCR	NextSeq	2x27	0	disease3	DKD	Geometric Segment	33264.39	glomerulus	abnormal	291	369.1946839913726	128.4118982497603	2020-06-15	DSP-1001250007851-H-C11	1001250007851	C11		1518657	1504897	1492944	1429655	0.9939	0.9932	232560	40	Geometric Segment-aoi-001	232020	618	0.26706770036559757	99.09393628712738	98.30685928422284	94.13942713858363	83.7331384145126	3.75832096907761	PASS	PASS
DSP-1001250007851-H-C12.dcc	directPCR	NextSeq	2x27	0	disease3	DKD	Geometric Segment	21286.78	glomerulus	abnormal	88	228.8454133085907	7.045317813754082	2020-06-15	DSP-1001250007851-H-C12	1001250007851	C12		783415	775715	769511	735930	0.9936	0.9929	128166	41	Geometric Segment-aoi-001	128317	293	0.22886333812410176	99.01712374667322	98.2252063082785	93.93871702737374	82.58448493742611	1.7677422125695879	PASS	PASS
DSP-1001250007851-H-D01.dcc	directPCR	NextSeq	2x27	0	disease3	DKD	Geometric Segment	23064.56	glomerulus	abnormal	291	324.4765876792371	80.71731105446815	2020-06-15	DSP-1001250007851-H-D01	1001250007851	D01		1202229	1189993	1179787	1129322	0.9932	0.9925	118920	42	Geometric Segment-aoi-001	119235	294	0.2471813756400232	98.98222385252726	98.1333007272325	93.93568113895107	89.46978806753079	1.765267275308901	PASS	PASS
DSP-1001250007851-H-D02.dcc	directPCR	NextSeq	2x27	0	disease3	DKD	Geometric Segment	10588.6	glomerulus	abnormal	90	107.6669776812196	110.6060179881752	2020-06-15	DSP-1001250007851-H-D02	1001250007851	D02		1114118	1104287	1095312	1038927	0.9938	0.9931	104768	43	Geometric Segment-aoi-001	105141	327	0.3119812238823058	99.11759795641036	98.31202798985386	93.25107394369357	89.91574961474676	2.007428721793764	PASS	PASS
DSP-1001250007851-H-D03.dcc	directPCR	NextSeq	2x27	0	disease3	DKD	Geometric Segment	23902.14	glomerulus	abnormal	265	8.222201187163591	118.4749010484666	2020-06-15	DSP-1001250007851-H-D03	1001250007851	D03		3782447	3752988	3724434	3550832	0.9945	0.9938	314051	44	Geometric Segment-aoi-001	313249	901	0.28846030709337017	99.22116555764033	98.466257425418	93.87658306910843	91.15556579415754	5.6679788879764015	PASS	PASS
DSP-1001250007851-H-D04.dcc	directPCR	NextSeq	2x27	0	disease3	DKD	Geometric Segment	27538.88	glomerulus	abnormal	113	380.0082296133041	183.0875785090029	2020-06-15	DSP-1001250007851-H-D04	1001250007851	D04		3281757	3257861	3234058	3089707	0.9948	0.9941	303053	45	Geometric Segment-aoi-001	302362	924	0.30653069619623274	99.27185346142325	98.54654077069083	94.1479518440884	90.1915294880712	5.892855965422652	PASS	PASS
DSP-1001250007851-H-D05.dcc	directPCR	NextSeq	2x27	0	disease3	DKD	Geometric Segment	13586.59	glomerulus	abnormal	94	228.712317161262	27.51346612349153	2020-06-15	DSP-1001250007851-H-D05	1001250007851	D05		2627887	2605097	2584564	2467340	0.9941	0.9933	221470	46	Geometric Segment-aoi-001	221077	709	0.3217345531111595	99.13276331897072	98.35141313153876	93.89064293860429	91.02393670916857	4.245584245234042	PASS	PASS
DSP-1001250007851-H-D06.dcc	directPCR	NextSeq	2x27	0	disease3	DKD	Geometric Segment	15162.65	glomerulus	abnormal	107	351.6684671863914	177.0950366742909	2020-06-15	DSP-1001250007851-H-D06	1001250007851	D06		2706732	2662857	2628343	2504089	0.9914	0.9898	274934	47	Geometric Segment-aoi-001	274339	822	0.300529765974327	98.3790415896365	97.10392458507158	92.51337036692217	89.02059791005831	5.2384203808992496	PASS	PASS
DSP-1001250007851-H-D07.dcc	directPCR	NextSeq	2x27	0	disease3	DKD	Geometric Segment	21049.87	glomerulus	abnormal	89	353.3617108128965	189.6800148300827	2020-06-15	DSP-1001250007851-H-D07	1001250007851	D07		3759056	3724698	3693770	3509901	0.994	0.9933	362424	48	Geometric Segment-aoi-001	361438	1175	0.32615061774314874	99.08599393039104	98.26323417368616	93.37187315113155	89.67423867510793	7.539263573464801	PASS	PASS
DSP-1001250007851-H-D08.dcc	directPCR	NextSeq	2x27	0	disease3	DKD	Geometric Segment	16106.74	glomerulus	abnormal	58	334.6106350421906	50.80985031090677	2020-06-15	DSP-1001250007851-H-D08	1001250007851	D08		2747832	2721299	2698161	2580030	0.9937	0.9926	266304	49	Geometric Segment-aoi-001	265786	711	0.2682259737810054	99.03440239432396	98.19235673796652	93.89329478658084	89.67825955512146	4.404183664579838	PASS	PASS
DSP-1001250007851-H-D09.dcc	directPCR	NextSeq	2x27	0	disease3	DKD	Geometric Segment	19138.62	glomerulus	abnormal	131	330.1183477044106	54.72522489726543	2020-06-15	DSP-1001250007851-H-D09	1001250007851	D09		2610379	2586703	2559156	2453269	0.9939	0.9933	263122	50	Geometric Segment-aoi-001	262589	751	0.2868185672056768	99.0930052685836	98.03771789460458	93.98133374502324	89.2746372289382	4.558109426111968	PASS	PASS
DSP-1001250007851-H-D10.dcc	directPCR	NextSeq	2x27	0	disease3	DKD	Geometric Segment	21682.97	glomerulus	abnormal	70	295.3748253174126	126.6346947290003	2020-06-15	DSP-1001250007851-H-D10	1001250007851	D10		4008351	3975272	3943401	3785450	0.9941	0.9933	338101	51	Geometric Segment-aoi-001	337281	864	0.25682412006527616	99.17474792002996	98.37963292136841	94.43908480070732	91.06840666235189	5.535191888415123	PASS	PASS
DSP-1001250007851-H-D11.dcc	directPCR	NextSeq	2x27	0	disease3	DKD	Geometric Segment	22306.23	glomerulus	abnormal	58	134.355501178652	128.4799754153937	2020-06-15	DSP-1001250007851-H-D11	1001250007851	D11		4463474	4430372	4395367	4217987	0.9948	0.994	352283	52	Geometric Segment-aoi-001	351450	1042	0.29736764000821897	99.25838035574981	98.47412575944209	94.50009118457955	91.64807762565414	6.650002611630513	PASS	PASS
DSP-1001250007851-H-D12.dcc	directPCR	NextSeq	2x27	0	disease3	DKD	Geometric Segment	17138.29	glomerulus	abnormal	30	253.1446037814021	28.10420044697821	2020-06-15	DSP-1001250007851-H-D12	1001250007851	D12		2761426	2734680	2709627	2596687	0.9939	0.9932	283057	53	Geometric Segment-aoi-001	282488	742	0.26335777615298883	99.03144245038614	98.12419380421564	94.03427794190394	89.09930230328106	4.612290758908402	WARNING	LowNuclei
DSP-1001250007851-H-E01.dcc	directPCR	NextSeq	2x27	0	disease4	DKD	PanCK+	23053.27	tubule	NA	115	98.3739354647696	176.8689059186727	2020-06-15	DSP-1001250007851-H-E01	1001250007851	E01		3466160	3433496	3406559	3262250	0.9936	0.9928	330250	1	PanCK-aoi-001	329805	906	0.2754645043007124	99.05763149998846	98.28048907147968	94.11712096383317	89.87661889799985	5.709645803819856	PASS	PASS
DSP-1001250007851-H-E02.dcc	directPCR	NextSeq	2x27	0	disease4	DKD	PanCK-	137927.28	tubule	NA	1366	63.92707144841552	27.0097023807466	2020-06-15	DSP-1001250007851-H-E02	1001250007851	E02		15930693	15798541	15665879	14880916	0.9948	0.9941	1404059	1	neg-aoi-001	1400405	5625	0.40328940764851806	99.17045667755947	98.33771198779614	93.41034944305311	90.56470045257967	38.65399061208272	PASS	PASS
DSP-1001250007851-H-E03.dcc	directPCR	NextSeq	2x27	0	disease4	DKD	PanCK+	17553.53	tubule	NA	60	233.2135982811451	78.50372660905123	2020-06-15	DSP-1001250007851-H-E03	1001250007851	E03		3060563	3034382	3009966	2877343	0.9944	0.9936	299829	2	PanCK-aoi-001	299397	841	0.2816891973365131	99.14456915279966	98.34680743379568	94.01351973476775	89.5796573435979	5.340594530423021	PASS	PASS
DSP-1001250007851-H-E04.dcc	directPCR	NextSeq	2x27	0	disease4	DKD	PanCK-	123467.45	tubule	NA	1258	388.4835341945291	64.24485314637423	2020-06-15	DSP-1001250007851-H-E04	1001250007851	E04		8112055	8041913	7978476	7582256	0.9944	0.9937	934471	2	neg-aoi-001	931793	4019	0.4331873926193232	99.13533623724197	98.35332723952193	93.46899151941153	87.67555461065942	27.56008523658687	PASS	PASS
DSP-1001250007851-H-E05.dcc	directPCR	NextSeq	2x27	0	disease4	DKD	PanCK+	22011.87	tubule	NA	176	323.5469405539334	62.55355551838875	2020-06-15	DSP-1001250007851-H-E05	1001250007851	E05		4086853	4057917	4028501	3845688	0.9948	0.9941	348249	3	PanCK-aoi-001	347637	1066	0.30758488159713304	99.29197355520249	98.57220213205613	94.09900478436587	90.9444291892634	6.864129418280054	PASS	PASS
DSP-1001250007851-H-E06.dcc	directPCR	NextSeq	2x27	0	disease4	DKD	PanCK-	209925.63	tubule	NA	2053	111.0015894286335	11.76836118102074	2020-06-15	DSP-1001250007851-H-E06	1001250007851	E06		13768154	13667392	13567220	12893478	0.995	0.9943	1237730	3	neg-aoi-001	1233970	5070	0.4125640816990805	99.26815170719328	98.54058866569912	93.64710766599502	90.40034038914868	34.50659245590249	PASS	PASS
DSP-1001250007851-H-E07.dcc	directPCR	NextSeq	2x27	0	disease4	DKD	PanCK+	17157.17	tubule	NA	53	161.4661406725645	49.29191577248275	2020-06-15	DSP-1001250007851-H-E07	1001250007851	E07		2662038	2640193	2618942	2495772	0.9945	0.9938	253064	4	PanCK-aoi-001	252691	875	0.3474759348095435	99.17938812293438	98.38108997692746	93.7541838245735	89.86029172536594	5.584857732885248	PASS	PASS
DSP-1001250007851-H-E08.dcc	directPCR	NextSeq	2x27	0	disease4	DKD	PanCK-	145616.81	tubule	NA	1388	128.8348835892975	10.64646770246327	2020-06-15	DSP-1001250007851-H-E08	1001250007851	E08		9456874	9387441	9319693	8855099	0.9948	0.9941	889919	4	neg-aoi-001	887016	4501	0.5100196597224976	99.26579332663204	98.5494043803481	93.63663933769234	89.95020834888464	30.820830722108585	PASS	PASS
DSP-1001250007851-H-E09.dcc	directPCR	NextSeq	2x27	0	disease4	DKD	PanCK+	10254.22	tubule	NA	56	340.5475221574306	53.15449233166873	2020-06-15	DSP-1001250007851-H-E09	1001250007851	E09		1177532	1166366	1157185	1103670	0.9939	0.9932	121849	5	PanCK-aoi-001	122169	435	0.35733648775198384	99.05174551519619	98.2720639439098	93.7273891495093	88.95965279476655	2.5169001443591332	PASS	PASS
DSP-1001250007851-H-E10.dcc	directPCR	NextSeq	2x27	0	disease4	DKD	PanCK-	105417.67	tubule	NA	1080	96.209014672786	41.40959717333317	2020-06-15	DSP-1001250007851-H-E10	1001250007851	E10		4885075	4824665	4779769	4550728	0.9926	0.9913	527242	5	neg-aoi-001	525248	2123	0.40583034647550775	98.76337620200304	97.84433197033823	93.15574479409221	88.41411747746734	14.382122967106676	PASS	PASS
DSP-1001250007851-H-E11.dcc	directPCR	NextSeq	2x27	0	disease4	DKD	PanCK+	34076.47	tubule	NA	128	247.5332343950868	63.86441732756793	2020-06-15	DSP-1001250007851-H-E11	1001250007851	E11		5126797	5087429	5048039	4841395	0.9946	0.9939	427425	6	PanCK-aoi-001	426631	1365	0.32097557763846624	99.23211314978924	98.46379718174914	94.433132421666	91.17144955121405	9.119709425790937	PASS	PASS
DSP-1001250007851-H-E12.dcc	directPCR	NextSeq	2x27	0	disease4	DKD	PanCK-	137743.3	tubule	NA	1379	372.0249294303358	18.88752831146121	2020-06-15	DSP-1001250007851-H-E12	1001250007851	E12		5959545	5915995	5873279	5613940	0.9948	0.9941	586861	6	neg-aoi-001	585331	2425	0.41601904938360557	99.26923951409043	98.55247338513259	94.20081566629666	89.54636137899585	16.414973513943544	PASS	PASS
DSP-1001250007851-H-F01.dcc	directPCR	NextSeq	2x27	0	disease4	DKD	Geometric Segment	74627.75	glomerulus	normal	519	397.615682054311	25.17752465792	2020-06-15	DSP-1001250007851-H-F01	1001250007851	F01		6428345	6379305	6330820	6024493	0.9947	0.994	556641	7	Geometric Segment-aoi-001	554917	2827	0.5120541940625623	99.2371286855326	98.4828910084944	93.71763649897447	90.76036771891012	19.173010811448442	PASS	PASS
DSP-1001250007851-H-F02.dcc	directPCR	NextSeq	2x27	0	disease4	DKD	Geometric Segment	56775.66	glomerulus	normal	426	262.7720396965742	99.15976696647704	2020-06-15	DSP-1001250007851-H-F02	1001250007851	F02		4785984	4741095	4704084	4505398	0.9937	0.9929	479714	8	Geometric Segment-aoi-001	478397	2088	0.43837088948560704	99.06207375536566	98.28875315922494	94.13733936427701	89.35246120320558	14.03090916081147	PASS	PASS
DSP-1001250007851-H-F03.dcc	directPCR	NextSeq	2x27	0	disease4	DKD	Geometric Segment	80786.89	glomerulus	normal	621	326.1710964143276	124.0881913341582	2020-06-15	DSP-1001250007851-H-F03	1001250007851	F03		5424391	5375860	5331459	5113977	0.9941	0.9934	488508	9	Geometric Segment-aoi-001	487047	2525	0.5211321673732049	99.10531891967227	98.2867754186599	94.27744054586036	90.44759098447255	17.137157210243597	PASS	PASS
DSP-1001250007851-H-F04.dcc	directPCR	NextSeq	2x27	0	disease4	DKD	Geometric Segment	42607.61	glomerulus	normal	309	56.37167869135737	90.86439232341945	2020-06-15	DSP-1001250007851-H-F04	1001250007851	F04		2636446	2610523	2587230	2471812	0.9936	0.9925	255288	10	Geometric Segment-aoi-001	254730	1175	0.4634103054564099	99.01674451136114	98.13324452691236	93.75545715709708	89.67203007348455	7.750142399559652	PASS	PASS
DSP-1001250007851-H-F05.dcc	directPCR	NextSeq	2x27	0	disease4	DKD	Geometric Segment	71246.79	glomerulus	normal	425	233.6041998118162	166.373891569674	2020-06-15	DSP-1001250007851-H-F05	1001250007851	F05		5634059	5580216	5534892	5292954	0.9937	0.9931	518355	11	Geometric Segment-aoi-001	516798	2480	0.48219195128305836	99.04433020669468	98.23986578770297	93.9456615559049	90.20669743209557	16.925695128539207	PASS	PASS
DSP-1001250007851-H-F06.dcc	directPCR	NextSeq	2x27	0	disease4	DKD	Geometric Segment	48856.65	glomerulus	normal	378	212.7180624753237	164.0407738275826	2020-06-15	DSP-1001250007851-H-F06	1001250007851	F06		5370062	5332353	5291452	5061073	0.995	0.9943	475680	12	Geometric Segment-aoi-001	474419	1996	0.4225027147281144	99.29779209253078	98.53614353055886	94.2460813301597	90.60120255131669	13.304006252523767	PASS	PASS
DSP-1001250007851-H-F07.dcc	directPCR	NextSeq	2x27	0	disease4	DKD	Geometric Segment	65511.44	glomerulus	abnormal	375	226.8926814198494	89.47631856426597	2020-06-15	DSP-1001250007851-H-F07	1001250007851	F07		6839271	6776665	6725069	6427451	0.9939	0.9932	594568	13	Geometric Segment-aoi-001	592941	2502	0.4237524960241447	99.08461004104092	98.33020215166208	93.97859801139624	90.74955219417464	16.84121454722882	PASS	PASS
DSP-1001250007851-H-F08.dcc	directPCR	NextSeq	2x27	0	disease4	DKD	Geometric Segment	19972.48	glomerulus	abnormal	86	204.581639636308	128.3754948526621	2020-06-15	DSP-1001250007851-H-F08	1001250007851	F08		694121	688778	683752	653538	0.9943	0.9936	183294	14	Geometric Segment-aoi-001	183176	650	0.35611364956225416	99.23024948099827	98.50616823291615	94.15332485258334	71.9535818881228	4.068479927589506	PASS	PASS
DSP-1001250007851-H-F09.dcc	directPCR	NextSeq	2x27	0	disease4	DKD	Geometric Segment	44778.52	glomerulus	abnormal	335	220.3965017572045	9.439385868608952	2020-06-15	DSP-1001250007851-H-F09	1001250007851	F09		5665702	5622366	5581926	5342972	0.9944	0.9937	465787	15	Geometric Segment-aoi-001	464523	2267	0.49042089231940744	99.23511684871531	98.52134828128976	94.30379501075066	91.28224890566523	15.196755123398137	PASS	PASS
DSP-1001250007851-H-F10.dcc	directPCR	NextSeq	2x27	0	disease4	DKD	Geometric Segment	20051.72	glomerulus	abnormal	135	373.0524322018027	2.057946566492319	2020-06-15	DSP-1001250007851-H-F10	1001250007851	F10		1673124	1656199	1642341	1565703	0.9937	0.993	162178	16	Geometric Segment-aoi-001	161968	694	0.4303235487431328	98.98841926838656	98.16014832134378	93.57961513910506	89.64184139648452	4.419512166786651	PASS	PASS
DSP-1001250007851-H-F11.dcc	directPCR	NextSeq	2x27	0	disease4	DKD	Geometric Segment	51298.36	glomerulus	abnormal	237	112.4918010085821	104.3189923278987	2020-06-15	DSP-1001250007851-H-F11	1001250007851	F11		4905523	4859249	4817956	4598182	0.9938	0.993	321811	17	Geometric Segment-aoi-001	320987	1632	0.5110300449343208	99.05669589154917	98.21493039580082	93.73479647328124	93.00134270457325	10.820761163251083	PASS	PASS
DSP-1001250007851-H-F12.dcc	directPCR	NextSeq	2x27	0	disease4	DKD	Geometric Segment	29210.8	glomerulus	abnormal	253	283.3369228057563	106.993558164686	2020-06-15	DSP-1001250007851-H-F12	1001250007851	F12		1681321	1667084	1654091	1586748	0.9941	0.9933	151572	18	Geometric Segment-aoi-001	151599	576	0.3813988597763255	99.15322535078073	98.38044014200739	94.37507769188632	90.44763251631639	3.5227359977815405	PASS	PASS
DSP-1001250007864-D-A02.dcc	directPCR	NextSeq	2x27	0	normal3	normal	PanCK+	20265.55	tubule	NA	-109	380.990285333246	165.4589280486107	2020-06-15	DSP-1001250007864-D-A02	1001250007864	A02		3358935	3333329	3303955	3169018	0.9949	0.9943	419182	1	PanCK-aoi-001	418402	885	0.21196741689559948	99.23767503687925	98.36317166006488	94.34591619069735	86.77249545442784	5.547568605403206	WARNING	LowNuclei
DSP-1001250007864-D-A03.dcc	directPCR	NextSeq	2x27	0	normal3	normal	PanCK-	91483.62	tubule	NA	914	363.6444726027548	155.8459997177124	2020-06-15	DSP-1001250007864-D-A03	1001250007864	A03		5149518	5096156	5046768	4810145	0.9939	0.9932	797716	1	neg-aoi-001	795713	2412	0.30404600523634784	98.96374767502512	98.00466762131911	93.40961620097261	83.4159677099131	16.345603883676475	PASS	PASS
DSP-1001250007864-D-A04.dcc	directPCR	NextSeq	2x27	0	normal3	normal	PanCK+	12966.08	tubule	NA	-7	241.524191852659	181.8476002197713	2020-06-15	DSP-1001250007864-D-A04	1001250007864	A04		1727404	1713003	1700055	1632358	0.9942	0.9934	240515	2	PanCK-aoi-001	240331	522	0.2176732316134924	99.16632125432152	98.41675716856045	94.4977550127243	85.2657934105141	3.2348256421075265	WARNING	LowNuclei
DSP-1001250007864-D-A05.dcc	directPCR	NextSeq	2x27	0	normal3	normal	PanCK-	133866.42	tubule	NA	1344	344.6559362113476	150.17783273942771	2020-06-15	DSP-1001250007864-D-A05	1001250007864	A05		5262758	5213562	5175092	4870492	0.9937	0.9931	1030517	2	neg-aoi-001	1016506	3541	0.3495678527885958	99.06520497427394	98.3342194339926	92.54637967392763	78.84162421373446	24.17311397517556	PASS	PASS
DSP-1001250007864-D-A06.dcc	directPCR	NextSeq	2x27	0	normal3	normal	PanCK+	23336.81	tubule	NA	57	366.5788169018924	123.0856074485928	2020-06-15	DSP-1001250007864-D-A06	1001250007864	A06		2163275	2145722	2129456	2035419	0.9944	0.9938	313094	3	PanCK-aoi-001	312642	709	0.22729239932934314	99.18859137187829	98.43667587338642	94.08970195652425	84.61771261838472	4.253580498446824	PASS	PASS
DSP-1001250007864-D-A07.dcc	directPCR	NextSeq	2x27	0	normal3	normal	PanCK-	174741.6	tubule	NA	1747	353.498402889818	121.2601564824581	2020-06-15	DSP-1001250007864-D-A07	1001250007864	A07		6265561	6218544	6171994	5796420	0.9948	0.9941	809264	3	neg-aoi-001	807116	3089	0.3841910781603105	99.24959632505373	98.50664609282393	92.512386360934	86.03855483212051	20.87065285548246	PASS	PASS
DSP-1001250007864-D-A08.dcc	directPCR	NextSeq	2x27	0	normal3	normal	PanCK+	15875.8	tubule	NA	155	226.3937680050731	176.1719666421413	2020-06-15	DSP-1001250007864-D-A08	1001250007864	A08		2348506	2329540	2310862	2209437	0.9944	0.9937	295427	4	PanCK-aoi-001	295028	738	0.25077304699446124	99.19242275727633	98.39710862991195	94.07840559061803	86.62885612941216	4.6352558980297225	PASS	PASS
DSP-1001250007864-D-A09.dcc	directPCR	NextSeq	2x27	0	normal3	normal	PanCK-	122888.57	tubule	NA	1283	237.4187730252743	185.7164782937616	2020-06-15	DSP-1001250007864-D-A09	1001250007864	A09		6458141	6407402	6359958	6044456	0.9945	0.9938	844043	4	neg-aoi-001	841817	2993	0.3568090564886079	99.21434047352017	98.4797018213136	93.59436407473916	86.03608000455293	20.385920467326972	PASS	PASS
DSP-1001250007864-D-A10.dcc	directPCR	NextSeq	2x27	0	normal3	normal	PanCK+	23311.32	tubule	NA	52	354.6390554867685	62.7367471344769	2020-06-15	DSP-1001250007864-D-A10	1001250007864	A10		3031498	3009545	2988751	2877361	0.9946	0.9939	380203	5	PanCK-aoi-001	379517	875	0.23108899699452254	99.27583656660832	98.58990505683988	94.91548402802839	86.78639906497655	5.5151553448058825	PASS	PASS
DSP-1001250007864-D-A11.dcc	directPCR	NextSeq	2x27	0	normal3	normal	PanCK-	89287.05	tubule	NA	826	251.257804594934	38.02095125429332	2020-06-15	DSP-1001250007864-D-A11	1001250007864	A11		363	357	354	197	0.9964	0.9941	124	5	neg-aoi-001	18817	139	0.7441910268765393	98.34710743801654	97.52066115702479	54.269972451790636	37.055837563451774	1	WARNING	LowReads,LowAligned,LowSaturation,LowNegatives
DSP-1001250007864-D-A12.dcc	directPCR	NextSeq	2x27	0	normal3	normal	PanCK+	9671.79	tubule	NA	151	93.56451081112027	99.25433434545994	2020-06-15	DSP-1001250007864-D-A12	1001250007864	A12		193	188	184	2	0.9973	0.9986	2	6	PanCK-aoi-001	18815	139	0.7442707217819662	97.40932642487047	95.33678756476684	1.0362694300518136	0	1	WARNING	LowReads,LowAligned,LowSaturation,LowNegatives
DSP-1001250007864-D-B01.dcc	directPCR	NextSeq	2x27	0	normal3	normal	PanCK-	77969.65	tubule	NA	726	38.92760388553143	162.6402801834047	2020-06-15	DSP-1001250007864-D-B01	1001250007864	B01		7537862	7452728	7389902	7032210	0.9927	0.9918	604396	6	neg-aoi-001	603207	1695	0.28178988947851413	98.870581605235	98.03710919621506	93.29183792433452	91.40531923819113	11.409890465861483	PASS	PASS
DSP-1001250007864-D-B02.dcc	directPCR	NextSeq	2x27	0	normal3	normal	Geometric Segment	27983.33	glomerulus	normal	213	234.9241172894835	114.8269524797797	2020-06-15	DSP-1001250007864-D-B02	1001250007864	B02		4097634	4063835	4029758	3872474	0.9944	0.9937	340051	7	Geometric Segment-aoi-001	339446	1032	0.30495192279279226	99.17515815224102	98.34353190158028	94.5051217361043	91.21876609113451	6.699777719584282	PASS	PASS
DSP-1001250007864-D-B03.dcc	directPCR	NextSeq	2x27	0	normal3	normal	Geometric Segment	23475.44	glomerulus	normal	89	205.9412891976535	135.1146771106869	2020-06-15	DSP-1001250007864-D-B03	1001250007864	B03		2451411	2432054	2412667	2319903	0.9944	0.9937	224773	8	Geometric Segment-aoi-001	224520	697	0.3114067812512566	99.2103731279659	98.41952247093613	94.63541609301745	90.31110352458703	4.436907539925659	PASS	PASS
DSP-1001250007864-D-B04.dcc	directPCR	NextSeq	2x27	0	normal3	normal	Geometric Segment	14662.85	glomerulus	normal	114	58.21808483451605	175.2899216022342	2020-06-15	DSP-1001250007864-D-B04	1001250007864	B04		1680845	1667336	1652319	1585519	0.9946	0.9939	140511	9	Geometric Segment-aoi-001	140696	417	0.2972647367032842	99.19629710056549	98.30287742177298	94.32868586930978	91.13785454478943	2.46423483735271	PASS	PASS
DSP-1001250007864-D-B05.dcc	directPCR	NextSeq	2x27	0	normal3	normal	Geometric Segment	24797.65	glomerulus	normal	168	174.9694587662816	118.1506499648094	2020-06-15	DSP-1001250007864-D-B05	1001250007864	B05		2865554	2844391	2822804	2715983	0.9948	0.9941	245838	10	Geometric Segment-aoi-001	245484	758	0.30973415166349305	99.26146916093712	98.50814188111619	94.78038103626733	90.94847059057439	4.833378424378033	PASS	PASS
DSP-1001250007864-D-B06.dcc	directPCR	NextSeq	2x27	0	normal3	normal	Geometric Segment	24350.46	glomerulus	normal	198	248.2520614750683	128.4855603706092	2020-06-15	DSP-1001250007864-D-B06	1001250007864	B06		3040227	3000284	2968560	2849333	0.9924	0.9909	257872	11	Geometric Segment-aoi-001	257560	665	0.25886062399034626	98.68618363036707	97.64270891614343	93.72106096025067	90.94974157109752	4.2128548214809864	PASS	PASS
DSP-1001250007864-D-B07.dcc	directPCR	NextSeq	2x27	0	normal3	normal	Geometric Segment	22468.42	glomerulus	normal	160	213.0926609970629	108.204286172986	2020-06-15	DSP-1001250007864-D-B07	1001250007864	B07		3014033	2989763	2961392	2841642	0.9947	0.994	232655	12	Geometric Segment-aoi-001	232424	699	0.3016506635019959	99.19476661337153	98.25346968662917	94.2803877727948	91.81265620370195	4.36614246368168	PASS	PASS
DSP-1001250007864-D-B08.dcc	directPCR	NextSeq	2x27	0	normal3	normal	Geometric Segment	25761.9	glomerulus	normal	201	100.2805232070386	79.63742511346936	2020-06-15	DSP-1001250007864-D-B08	1001250007864	B08		2576110	2551962	2525411	2421231	0.9939	0.9931	214075	13	Geometric Segment-aoi-001	213873	592	0.2775680909223044	99.06261766772381	98.03195515719437	93.9878731886449	91.15842313269572	3.534818373032889	PASS	PASS
DSP-1001250007864-D-B09.dcc	directPCR	NextSeq	2x27	0	normal3	normal	Geometric Segment	23327.94	glomerulus	normal	97	231.9239511154592	127.6104830205441	2020-06-15	DSP-1001250007864-D-B09	1001250007864	B09		3155597	3129610	3100761	2978367	0.9943	0.9935	252057	14	Geometric Segment-aoi-001	251736	733	0.29202838213089083	99.17647912581992	98.26226225972454	94.38363010232295	91.53707383945631	4.645562004065732	PASS	PASS
DSP-1001250007864-D-B10.dcc	directPCR	NextSeq	2x27	0	normal3	normal	Geometric Segment	26355.95	glomerulus	normal	162	261.8791804648936	46.64142271503806	2020-06-15	DSP-1001250007864-D-B10	1001250007864	B10		3458205	3429351	3401751	3266346	0.9943	0.9936	286784	15	Geometric Segment-aoi-001	286388	894	0.313141432044106	99.16563650795716	98.36753460248886	94.4520640043028	91.22003608925692	5.739878173969704	PASS	PASS
DSP-1001250007864-D-B11.dcc	directPCR	NextSeq	2x27	0	normal3	normal	Geometric Segment	25468.51	glomerulus	normal	151	379.0459881536663	75.19228989258409	2020-06-15	DSP-1001250007864-D-B11	1001250007864	B11		3810906	3781174	3745199	3588026	0.9946	0.9938	288337	16	Geometric Segment-aoi-001	287840	890	0.31015856420979265	99.21981806950893	98.27581682675984	94.15152197403977	91.96390996051869	5.673950765656567	PASS	PASS
DSP-1001250007864-D-B12.dcc	directPCR	NextSeq	2x27	0	normal3	normal	Geometric Segment	26808.95	glomerulus	normal	111	333.7143929675221	19.87507920712233	2020-06-15	DSP-1001250007864-D-B12	1001250007864	B12		2733866	2706784	2684004	2573886	0.9936	0.9929	262627	17	Geometric Segment-aoi-001	262258	811	0.31019671290930856	99.00938817045166	98.17613591887824	94.1482135554559	89.79647894273484	5.10750166301244	PASS	PASS
DSP-1001250007864-D-C01.dcc	directPCR	NextSeq	2x27	0	normal3	normal	Geometric Segment	24417.75	glomerulus	normal	140	194.3119139410555	127.6487513445318	2020-06-15	DSP-1001250007864-D-C01	1001250007864	C01		3211778	3184987	3159387	3037285	0.9942	0.9935	276485	18	Geometric Segment-aoi-001	275970	1066	0.38777173122253583	99.16585143805082	98.36878514019337	94.56709025343595	90.89696883894662	6.900460324766608	PASS	PASS
DSP-1001250007864-D-C02.dcc	directPCR	NextSeq	2x27	0	normal3	normal	Geometric Segment	26498.77	glomerulus	normal	154	9.309751633554697	166.3645816966891	2020-06-15	DSP-1001250007864-D-C02	1001250007864	C02		2988413	2955661	2927843	2818188	0.993	0.9918	256122	19	Geometric Segment-aoi-001	255767	794	0.31140552136892924	98.90403367941445	97.9731717135483	94.30383283702754	90.91181993536273	5.055645430098712	PASS	PASS
DSP-1001250007864-D-C03.dcc	directPCR	NextSeq	2x27	0	normal3	normal	Geometric Segment	31804.37	glomerulus	normal	319	57.68516128882766	139.4643876701593	2020-06-15	DSP-1001250007864-D-C03	1001250007864	C03		3030875	3009188	2986500	2877449	0.9947	0.994	296405	20	Geometric Segment-aoi-001	295830	1013	0.3436029808321773	99.28446405740917	98.53590134862044	94.93789747185218	89.69903549984726	6.506239220703612	PASS	PASS
DSP-1001250007864-D-C04.dcc	directPCR	NextSeq	2x27	0	normal3	normal	Geometric Segment	35587.97	glomerulus	normal	177	259.129660949111	179.0947708766907	2020-06-15	DSP-1001250007864-D-C04	1001250007864	C04		4664106	4626837	4586481	4399996	0.9946	0.9939	393561	21	Geometric Segment-aoi-001	392745	1243	0.3174951852097818	99.20094011585499	98.33569391433214	94.33739284656052	91.05542368674881	8.152411050576994	PASS	PASS
DSP-1001250007864-D-C05.dcc	directPCR	NextSeq	2x27	0	normal3	normal	Geometric Segment	26084.67	glomerulus	abnormal	148	297.4053691141307	29.08839276060462	2020-06-15	DSP-1001250007864-D-C05	1001250007864	C05		3221423	3198855	3175032	3050828	0.9949	0.9943	314809	22	Geometric Segment-aoi-001	314133	1098	0.3507594997364512	99.29944003007367	98.55992212137306	94.70435891219502	89.6811947445087	7.196735571287551	PASS	PASS
DSP-1001250007864-D-C06.dcc	directPCR	NextSeq	2x27	0	normal3	normal	Geometric Segment	22127.58	glomerulus	normal	176	198.0428881943226	126.4875717461109	2020-06-15	DSP-1001250007864-D-C06	1001250007864	C06		3207462	3177500	3153164	3027196	0.9936	0.9929	252425	23	Geometric Segment-aoi-001	252023	883	0.3515967189615354	99.06586578422441	98.30713504945655	94.37979311991849	91.66142529258099	5.639250269418753	PASS	PASS
DSP-1001250007864-D-C07.dcc	directPCR	NextSeq	2x27	0	normal3	normal	Geometric Segment	21787.39	glomerulus	normal	184	32.62385027483106	72.47802838683128	2020-06-15	DSP-1001250007864-D-C07	1001250007864	C07		2649969	2624965	2602427	2499388	0.9937	0.9929	224129	24	Geometric Segment-aoi-001	223834	756	0.3388949156797174	99.05644179233795	98.20594127704891	94.31763164021919	91.03264479144495	4.703465133992225	PASS	PASS
DSP-1001250007864-D-C08.dcc	directPCR	NextSeq	2x27	0	normal3	normal	Geometric Segment	27479.17	glomerulus	normal	156	75.79485857859254	153.6628372501582	2020-06-15	DSP-1001250007864-D-C08	1001250007864	C08		3523803	3493528	3464148	3327543	0.9941	0.9933	285901	25	Geometric Segment-aoi-001	285404	982	0.345261618299569	99.14084300399313	98.30708470365681	94.43044914826396	91.40804491482155	6.367228814501943	PASS	PASS
DSP-1001250007864-D-C09.dcc	directPCR	NextSeq	2x27	0	normal3	normal	Geometric Segment	25095.88	glomerulus	normal	216	37.12208326905966	155.1906328182667	2020-06-15	DSP-1001250007864-D-C09	1001250007864	C09		141	139	138	6	0.9974	0.9964	6	26	Geometric Segment-aoi-001	18815	139	0.7442707217819662	98.581560283687935	97.87234042553192	4.25531914893617	0	1	WARNING	LowReads,LowAligned,LowSaturation,LowNegatives
DSP-1001250007864-D-C11.dcc	directPCR	NextSeq	2x27	0	normal3	normal	Geometric Segment	35146.27	glomerulus	normal	264	363.0276198498905	44.28910324349999	2020-06-15	DSP-1001250007864-D-C11	1001250007864	C11		120	119	118	1	0.9988	0.9979	1	28	Geometric Segment-aoi-001	18815	139	0.7442707217819662	99.16666666666667	98.33333333333333	0.8333333333333334	0	1	WARNING	LowReads,LowAligned,LowSaturation,LowNegatives
DSP-1001250007864-D-C12.dcc	directPCR	NextSeq	2x27	0	normal3	normal	Geometric Segment	30810.9	glomerulus	normal	234	2.47208746150136	56.03265762329102	2020-06-15	DSP-1001250007864-D-C12	1001250007864	C12		1735299	1717667	1701400	1619704	0.9937	0.993	152832	29	Geometric Segment-aoi-001	152799	592	0.38894400388944006	98.98392150286493	98.04650380136218	93.3386119625494	90.56420185416594	3.627839809606958	PASS	PASS
DSP-1001250007864-D-D01.dcc	directPCR	NextSeq	2x27	0	normal3	normal	Geometric Segment	27445.12	glomerulus	normal	147	142.8579286672175	50.63214502297342	2020-06-15	DSP-1001250007864-D-D01	1001250007864	D01		3731620	3702355	3673311	3527808	0.9945	0.9937	248300	30	Geometric Segment-aoi-001	247856	1012	0.4099755311046653	99.21575615952321	98.43743467984413	94.5382434438662	92.96163510032291	6.68325092519964	PASS	PASS
DSP-1001250007864-D-D02.dcc	directPCR	NextSeq	2x27	0	normal3	normal	Geometric Segment	49933.55	glomerulus	normal	383	36.00200265645981	113.1574944127351	2020-06-15	DSP-1001250007864-D-D02	1001250007864	D02		6197576	6148931	6094986	5847261	0.9948	0.9941	441669	31	Geometric Segment-aoi-001	440722	1648	0.3753353648815462	99.21509635380026	98.34467540212496	94.34754813817531	92.44656600757175	11.127288001784047	PASS	PASS
DSP-1001250007864-D-D03.dcc	directPCR	NextSeq	2x27	0	normal3	normal	Geometric Segment	41998.39	glomerulus	normal	296	312.5111729837954	112.8433445002884	2020-06-15	DSP-1001250007864-D-D03	1001250007864	D03		5388890	5351199	5310843	5092183	0.9948	0.9941	350744	32	Geometric Segment-aoi-001	350041	1267	0.36327249164215225	99.3005795256537	98.55170545325662	94.49409804245401	93.11210928593886	8.186409016277045	PASS	PASS
DSP-1001250007864-D-D04.dcc	directPCR	NextSeq	2x27	0	normal3	normal	Geometric Segment	31837.78	glomerulus	normal	257	300.2169012092054	184.6668653655797	2020-06-15	DSP-1001250007864-D-D04	1001250007864	D04		2841620	2815429	2790047	2675941	0.9939	0.9932	231238	33	Geometric Segment-aoi-001	230911	864	0.37557542589123094	99.07830744434513	98.1850845644386	94.16955820975359	91.35862860952464	5.525198130232161	PASS	PASS
DSP-1001250007864-D-D05.dcc	directPCR	NextSeq	2x27	0	normal3	normal	Geometric Segment	20978.54	glomerulus	normal	153	247.3941991105676	58.47763190977275	2020-06-15	DSP-1001250007864-D-D05	1001250007864	D05		2263322	2233114	2209935	2120052	0.9924	0.9909	190504	34	Geometric Segment-aoi-001	190284	787	0.4153100049077294	98.66532468645646	97.64121057454484	93.66992412038587	91.01418267099109	4.842694573492102	PASS	PASS
DSP-1001250007864-D-D06.dcc	directPCR	NextSeq	2x27	0	normal3	normal	Geometric Segment	25290.51	glomerulus	normal	116	60.54784944280982	76.73132545314729	2020-06-15	DSP-1001250007864-D-D06	1001250007864	D06		3249115	3220570	3192661	3056790	0.9942	0.9935	248664	35	Geometric Segment-aoi-001	248363	848	0.3426054986566471	99.12145307260593	98.26248070628463	94.08069582024645	91.86519191701097	5.390809281054831	PASS	PASS
DSP-1001250007864-D-D07.dcc	directPCR	NextSeq	2x27	0	normal3	normal	Geometric Segment	25689.6	glomerulus	normal	111	259.5360515639186	142.5047800410539	2020-06-15	DSP-1001250007864-D-D07	1001250007864	D07		3228035	3198747	3172733	3037700	0.9939	0.9932	225112	36	Geometric Segment-aoi-001	224832	828	0.3696362564954197	99.09269880902778	98.28682154933264	94.1036884668227	92.58939329097673	5.2853537914198165	PASS	PASS
DSP-1001250007864-D-D08.dcc	directPCR	NextSeq	2x27	0	normal3	normal	Geometric Segment	34535.6	glomerulus	normal	200	397.3933076485991	134.1921338811517	2020-06-15	DSP-1001250007864-D-D08	1001250007864	D08		5210416	5161721	5113847	4881977	0.994	0.9933	389477	37	Geometric Segment-aoi-001	388620	1314	0.339266626388437	99.0654297084916	98.14661631624038	93.69649179643238	92.02214594620172	8.698669731003298	PASS	PASS
DSP-1001250007864-D-D09.dcc	directPCR	NextSeq	2x27	0	normal3	normal	Geometric Segment	24650.3	glomerulus	normal	163	177.13911710307	151.9319830927998	2020-06-15	DSP-1001250007864-D-D09	1001250007864	D09		3869721	3835084	3801687	3646708	0.9939	0.9932	275062	38	Geometric Segment-aoi-001	274669	883	0.32251466473815316	99.10492255126402	98.24188875632119	94.23697470696207	92.45725185564623	5.690963451544817	PASS	PASS
DSP-1001250007864-D-D10.dcc	directPCR	NextSeq	2x27	0	normal3	normal	Geometric Segment	18153.22	glomerulus	normal	150	62.16735113412142	50.75875259935856	2020-06-15	DSP-1001250007864-D-D10	1001250007864	D10		2694606	2673795	2653072	2539445	0.9945	0.9937	187903	39	Geometric Segment-aoi-001	187718	732	0.3914731584182773	99.22767929708462	98.45862437773835	94.2417926776679	92.60062730242238	4.637954898141135	PASS	PASS
DSP-1001250007864-D-D11.dcc	directPCR	NextSeq	2x27	0	normal3	normal	Geometric Segment	20003.47	glomerulus	normal	89	82.18181263655424	102.3102041799575	2020-06-15	DSP-1001250007864-D-D11	1001250007864	D11		2169174	2150099	2130766	2036028	0.9941	0.9934	150244	40	Geometric Segment-aoi-001	150336	505	0.33704640561699517	99.1206330151477	98.22937210200749	93.86190319448787	92.6207301667757	3.0922796363817397	PASS	PASS
DSP-1001250007864-D-D12.dcc	directPCR	NextSeq	2x27	0	normal3	normal	Geometric Segment	30229.28	glomerulus	normal	205	36.88894482329488	28.7913701031357	2020-06-15	DSP-1001250007864-D-D12	1001250007864	D12		2573933	2550994	2532564	2428699	0.9939	0.9933	253115	41	Geometric Segment-aoi-001	252827	804	0.31901850227955386	99.10879576119503	98.39277090740124	94.35750658622428	89.57816509991562	5.163636352702312	PASS	PASS
DSP-1001250007864-D-E01.dcc	directPCR	NextSeq	2x27	0	normal3	normal	Geometric Segment	36097.13	glomerulus	normal	299	263.9729396440089	112.2399168554693	2020-06-15	DSP-1001250007864-D-E01	1001250007864	E01		4101266	4069525	4037299	3867124	0.9947	0.994	311627	42	Geometric Segment-aoi-001	311166	1028	0.33146534768393426	99.22606824331804	98.44031086986311	94.29098234545138	91.94163414465116	6.541845692784967	PASS	PASS
DSP-1001250007864-D-E02.dcc	directPCR	NextSeq	2x27	0	normal3	normal	Geometric Segment	22703.07	glomerulus	normal	117	104.3883815407753	126.0491447988898	2020-06-15	DSP-1001250007864-D-E02	1001250007864	E02		2280071	2259721	2242155	2153071	0.9941	0.9934	188025	43	Geometric Segment-aoi-001	187859	665	0.3552464288385312	99.10748393361435	98.33706932810425	94.42999801321976	91.26712495779284	4.14769209337951	PASS	PASS
DSP-1001250007864-D-E03.dcc	directPCR	NextSeq	2x27	0	normal3	normal	Geometric Segment	30029.65	glomerulus	normal	184	134.2592374421656	186.7477995343506	2020-06-15	DSP-1001250007864-D-E03	1001250007864	E03		2471902	2451010	2431557	2332324	0.9941	0.9934	221699	44	Geometric Segment-aoi-001	221415	743	0.3366988109048724	99.15482086263938	98.36785600723653	94.35341692348645	90.49450247907238	4.755695499586646	PASS	PASS
DSP-1001250007864-D-E04.dcc	directPCR	NextSeq	2x27	0	normal3	normal	Geometric Segment	12920.73	glomerulus	normal	65	107.3422415181994	55.22518772631884	2020-06-15	DSP-1001250007864-D-E04	1001250007864	E04		1517107	1505610	1494719	1426423	0.9946	0.9939	136671	45	Geometric Segment-aoi-001	136810	507	0.3719654006148067	99.24217606272991	98.52429657235778	94.0225705899452	90.4186205634654	3.103362125350384	PASS	PASS
DSP-1001250007864-D-E05.dcc	directPCR	NextSeq	2x27	0	normal3	normal	Geometric Segment	17744.6	glomerulus	normal	189	218.5584020800889	98.57771028764546	2020-06-15	DSP-1001250007864-D-E05	1001250007864	E05		1551478	1539659	1527825	1465688	0.9946	0.9939	170353	46	Geometric Segment-aoi-001	170287	656	0.38672176665821695	99.23821027433196	98.4754537286381	94.47043399906411	88.37726719465535	4.117813039777271	PASS	PASS
DSP-1001250007864-D-E06.dcc	directPCR	NextSeq	2x27	0	normal3	normal	Geometric Segment	38272.73	glomerulus	normal	254	196.7312189750373	159.5606833696365	2020-06-15	DSP-1001250007864-D-E06	1001250007864	E06		4749215	4710174	4673972	4475932	0.9941	0.9934	395802	47	Geometric Segment-aoi-001	394967	1291	0.3279346467653604	99.17794835567562	98.41567501155454	94.24572271417487	91.15710426342491	8.366083659434821	PASS	PASS
DSP-1001250007864-D-E07.dcc	directPCR	NextSeq	2x27	0	normal3	normal	Geometric Segment	34006.59	glomerulus	abnormal	327	324.8133571818471	118.627185607329	2020-06-15	DSP-1001250007864-D-E07	1001250007864	E07		4186131	4154397	4121323	3947680	0.9948	0.9941	344632	48	Geometric Segment-aoi-001	344016	1027	0.29942651222050853	99.24192530047435	98.45184013591548	94.30378552415107	91.2700117537389	6.6788778665389605	PASS	PASS
DSP-1001250007864-D-E08.dcc	directPCR	NextSeq	2x27	0	normal3	normal	Geometric Segment	28535.9	glomerulus	abnormal	190	111.5248596295714	20.66417904570699	2020-06-15	DSP-1001250007864-D-E08	1001250007864	E08		3990878	3961803	3931534	3767879	0.9948	0.994	309531	49	Geometric Segment-aoi-001	308907	952	0.30913607507590396	99.27146357267749	98.51300891683485	94.41228220957895	91.78500689645288	6.084447977554563	PASS	PASS
DSP-1001250007864-D-E09.dcc	directPCR	NextSeq	2x27	0	normal3	normal	Geometric Segment	23919.73	glomerulus	normal	175	34.87652838230133	143.8295845873654	2020-06-15	DSP-1001250007864-D-E09	1001250007864	E09		2739262	2715351	2693551	2587246	0.9941	0.9933	226011	50	Geometric Segment-aoi-001	225744	696	0.30926735629732327	99.12710065703828	98.3312658664998	94.45047607713319	91.26441784043729	4.29710397261625	PASS	PASS
DSP-1001250007864-D-E10.dcc	directPCR	NextSeq	2x27	0	normal3	normal	Geometric Segment	22439.69	glomerulus	normal	109	167.7697557024658	72.75148099288344	2020-06-15	DSP-1001250007864-D-E10	1001250007864	E10		2469185	2448375	2427614	2332333	0.9942	0.9935	213441	51	Geometric Segment-aoi-001	213246	667	0.313765705925797	99.15721179255503	98.31640804556969	94.45760443223169	90.8486052377598	4.138519767093702	PASS	PASS
DSP-1001250007864-D-E11.dcc	directPCR	NextSeq	2x27	0	normal3	normal	Geometric Segment	20066.08	glomerulus	normal	138	300.118063762784	177.0374577958137	2020-06-15	DSP-1001250007864-D-E11	1001250007864	E11		1998257	1979844	1962285	1884985	0.9938	0.9928	164431	52	Geometric Segment-aoi-001	164482	453	0.27617067713636	99.07854695367013	98.1998311528497	94.33145986727432	91.27680061114545	2.7311476902361895	PASS	PASS
DSP-1001250007864-D-E12.dcc	directPCR	NextSeq	2x27	0	normal3	normal	Geometric Segment	23067.79	glomerulus	normal	180	232.9791156575084	1.532785035669804	2020-06-15	DSP-1001250007864-D-E12	1001250007864	E12		2253194	2235114	2213155	2122825	0.9945	0.9938	203898	53	Geometric Segment-aoi-001	203760	676	0.33286718796163167	99.19758351921762	98.22301142289568	94.2140357199602	90.39496896823808	4.218513783117802	PASS	PASS
DSP-1001250007864-D-F01.dcc	directPCR	NextSeq	2x27	0	normal3	normal	Geometric Segment	33416.58	glomerulus	normal	226	56.49376483634114	133.2058740779757	2020-06-15	DSP-1001250007864-D-F01	1001250007864	F01		5029999	4994725	4958856	4755604	0.9947	0.994	331347	54	Geometric Segment-aoi-001	330737	1006	0.3050971852813354	99.29872749477684	98.58562596135705	94.54482992938965	93.03249387459512	6.4045565259127875	PASS	PASS
DSP-1001250007864-D-F02.dcc	directPCR	NextSeq	2x27	0	normal4	normal	PanCK+	16012.17	tubule	NA	71	273.0844694189727	195.7773094531149	2020-06-15	DSP-1001250007864-D-F02	1001250007864	F02		6251698	6205656	6157024	5867329	0.995	0.9943	417352	1	PanCK-aoi-001	416550	1308	0.3149970378718916	99.26352808468995	98.48562742474125	93.85176635211747	92.88684851318206	8.638805792626174	PASS	PASS
DSP-1001250007864-D-F03.dcc	directPCR	NextSeq	2x27	0	normal4	normal	PanCK-	127197.96	tubule	NA	1342	246.6110623441637	70.92276345938444	2020-06-15	DSP-1001250007864-D-F03	1001250007864	F03		19813329	19625823	19467559	18178417	0.994	0.9932	1935040	1	neg-aoi-001	1929936	6991	0.3635569400060844	99.05363707431498	98.25486166408481	91.74842349814108	89.35528874708947	47.93851998372065	PASS	PASS
DSP-1001250007864-D-F04.dcc	directPCR	NextSeq	2x27	0	normal4	normal	PanCK+	24168.74	tubule	NA	114	271.5390929952264	167.8977654781193	2020-06-15	DSP-1001250007864-D-F04	1001250007864	F04		9101485	8965290	8883856	8491734	0.9914	0.9904	855893	2	PanCK-aoi-001	853958	2361	0.27724381368182366	98.50359584177747	97.60886272954359	93.30053282513788	89.92086892971447	16.039701379752206	PASS	PASS
DSP-1001250007864-D-F05.dcc	directPCR	NextSeq	2x27	0	normal4	normal	PanCK-	71727.71	tubule	NA	682	391.8029414489865	139.0871598385274	2020-06-15	DSP-1001250007864-D-F05	1001250007864	F05		8380653	8305957	8248127	7715172	0.994	0.9933	704780	2	neg-aoi-001	702920	2581	0.36853580908674227	99.10870907076095	98.41866737591928	92.05931805075332	90.86501247153012	17.396796503258148	PASS	PASS
DSP-1001250007864-D-F06.dcc	directPCR	NextSeq	2x27	0	normal4	normal	PanCK+	34576.91	tubule	NA	164	279.9025697633624	30.25990244932473	2020-06-15	DSP-1001250007864-D-F06	1001250007864	F06		7612577	7550753	7493903	7097388	0.9944	0.9936	502506	3	PanCK-aoi-001	501469	1263	0.25249597165967624	99.18787028361092	98.44107980779701	93.23239686114177	92.91984600531914	8.263154812794623	PASS	PASS
DSP-1001250007864-D-F07.dcc	directPCR	NextSeq	2x27	0	normal4	normal	PanCK-	91677.76	tubule	NA	853	227.9173638671637	88.45870210789144	2020-06-15	DSP-1001250007864-D-F07	1001250007864	F07		10865041	10766019	10684311	9802633	0.994	0.9931	684410	3	neg-aoi-001	682410	2619	0.38526547129926697	99.08861825740004	98.33659164286632	90.22177642955972	93.01810034100022	17.729100063212883	PASS	PASS
DSP-1001250007864-D-F08.dcc	directPCR	NextSeq	2x27	0	normal4	normal	PanCK+	29351.52	tubule	NA	35	104.8427009955049	74.80012099258602	2020-06-15	DSP-1001250007864-D-F08	1001250007864	F08		5904858	5855770	5807468	5510965	0.9944	0.9937	395800	4	PanCK-aoi-001	395159	1054	0.2674414178962459	99.16868449673134	98.35068006715827	93.32934001122466	92.81795475021161	6.973970265993549	WARNING	LowNuclei
DSP-1001250007864-D-F09.dcc	directPCR	NextSeq	2x27	0	normal4	normal	PanCK-	85295.1	tubule	NA	895	392.5452853552997	173.9279054105282	2020-06-15	DSP-1001250007864-D-F09	1001250007864	F09		11524627	11428134	11341633	10352570	0.9947	0.994	739236	4	neg-aoi-001	737237	2956	0.402570677982952	99.16272344432493	98.412148176249	89.8299788791429	92.85939626585476	20.021804968042293	PASS	PASS
DSP-1001250007864-D-F10.dcc	directPCR	NextSeq	2x27	0	normal4	normal	PanCK+	12287.31	tubule	NA	-86	285.3802032768726	102.3158136289567	2020-06-15	DSP-1001250007864-D-F10	1001250007864	F10		5365533	5321402	5279107	5018627	0.9944	0.9937	428839	5	PanCK-aoi-001	428101	1248	0.29237231552782805	99.17750948507819	98.38923737865372	93.53454726678598	91.45505334427125	8.167172024807458	WARNING	LowNuclei
DSP-1001250007864-D-F11.dcc	directPCR	NextSeq	2x27	0	normal4	normal	PanCK-	90680.26	tubule	NA	931	208.1686725839972	165.0641469284892	2020-06-15	DSP-1001250007864-D-F11	1001250007864	F11		19040530	18894043	18758955	17432266	0.9946	0.9939	1321072	5	neg-aoi-001	1317496	4760	0.3626014674694683	99.2306569197391	98.52118087049048	91.5534704128509	92.42168516703451	32.57327884691209	PASS	PASS
DSP-1001250007864-D-F12.dcc	directPCR	NextSeq	2x27	0	normal4	normal	PanCK+	19644.72	tubule	NA	80	70.73530741035938	3.304529562592506	2020-06-15	DSP-1001250007864-D-F12	1001250007864	F12		4372475	4323876	4277949	4063290	0.9933	0.9926	412062	6	PanCK-aoi-001	411353	1087	0.2649500567924225	98.88852423398647	97.83815802263021	92.9288332123111	89.85890743707685	6.972560614310439	PASS	PASS
DSP-1001250007864-D-G01.dcc	directPCR	NextSeq	2x27	0	normal4	normal	PanCK-	56847.48	tubule	NA	552	158.4225573576987	43.67159088142216	2020-06-15	DSP-1001250007864-D-G01	1001250007864	G01		6311752	6230813	6170679	5600541	0.9929	0.9914	742060	6	neg-aoi-001	740023	3120	0.42339358097334384	98.71764606720923	97.76491535155374	88.73195588166328	86.75020859591957	21.198486662227314	PASS	PASS
DSP-1001250007864-D-G02.dcc	directPCR	NextSeq	2x27	0	normal4	normal	Geometric Segment	11855.13	glomerulus	normal	81	275.689821690321	108.8681810535491	2020-06-15	DSP-1001250007864-D-G02	1001250007864	G02		1937366	1922683	1908568	1825249	0.9946	0.9938	259515	7	Geometric Segment-aoi-001	259160	772	0.29877548492964073	99.24211532565349	98.51354880802079	94.21291588682779	85.78193988874942	4.917939299899993	PASS	PASS
DSP-1001250007864-D-G03.dcc	directPCR	NextSeq	2x27	0	normal4	normal	Geometric Segment	21459.78	glomerulus	normal	88	119.3090569227934	56.44412585534155	2020-06-15	DSP-1001250007864-D-G03	1001250007864	G03		2579043	2556055	2535977	2418360	0.994	0.9933	460127	8	Geometric Segment-aoi-001	459175	1320	0.2883008812833758	99.10866162371082	98.33015579810031	93.76966572484446	80.97359367505251	8.764143569593866	PASS	PASS
DSP-1001250007864-D-G04.dcc	directPCR	NextSeq	2x27	0	normal4	normal	Geometric Segment	25527.25	glomerulus	normal	186	352.4666715413332	175.4289660602808	2020-06-15	DSP-1001250007864-D-G04	1001250007864	G04		3237930	3212771	3188544	3033837	0.9945	0.9938	421888	9	Geometric Segment-aoi-001	421073	1225	0.2917722604371106	99.22299123205258	98.47476628586782	93.69680629290936	86.0939134172337	7.9279065639649255	PASS	PASS
DSP-1001250007864-D-G05.dcc	directPCR	NextSeq	2x27	0	normal4	normal	Geometric Segment	25759.32	glomerulus	normal	120	89.25067950040102	71.03626616299152	2020-06-15	DSP-1001250007864-D-G05	1001250007864	G05		4281078	4237103	4205380	3998346	0.9934	0.9925	812921	10	Geometric Segment-aoi-001	810840	2703	0.3344729915843477	98.97280544759988	98.23180049510894	93.39577554998998	79.6685679528485	18.229180685809055	PASS	PASS
DSP-1001250007864-D-G06.dcc	directPCR	NextSeq	2x27	0	normal4	normal	Geometric Segment	14595.23	glomerulus	normal	104	251.7424622550607	158.5501714143902	2020-06-15	DSP-1001250007864-D-G06	1001250007864	G06		1812591	1797785	1783912	1698497	0.9943	0.9935	236968	11	Geometric Segment-aoi-001	236746	737	0.31227622675406447	99.18315825246843	98.4177897826923	93.70547464927277	86.04837100094966	4.595760085366168	PASS	PASS
DSP-1001250007864-D-G07.dcc	directPCR	NextSeq	2x27	0	normal4	normal	Geometric Segment	18690.46	glomerulus	normal	162	195.8455861546099	6.811305321753025	2020-06-15	DSP-1001250007864-D-G07	1001250007864	G07		3217074	3192952	3168754	3011869	0.9948	0.994	418963	12	Geometric Segment-aoi-001	418162	1334	0.3200360820290383	99.25018821450796	98.49801403387053	93.6213776866805	86.08960084253332	8.700762518871825	PASS	PASS
DSP-1001250007864-D-G08.dcc	directPCR	NextSeq	2x27	0	normal4	normal	Geometric Segment	21113.94	glomerulus	abnormal	227	343.6653865501285	190.0310057215393	2020-06-15	DSP-1001250007864-D-G08	1001250007864	G08		3316064	3288845	3264102	3121800	0.9942	0.9935	485250	13	Geometric Segment-aoi-001	484243	1448	0.2999202560092793	99.17917748270239	98.43302179933801	94.14172947204878	84.45608302902173	9.613656808387981	PASS	PASS
DSP-1001250007864-D-G09.dcc	directPCR	NextSeq	2x27	0	normal4	normal	Geometric Segment	18368.83	glomerulus	abnormal	142	216.3088511675596	191.4659659378231	2020-06-15	DSP-1001250007864-D-G09	1001250007864	G09		3278479	3254534	3229582	3091061	0.9947	0.994	432129	14	Geometric Segment-aoi-001	431161	1574	0.3663984245333309	99.26963082575791	98.50854618864419	94.28338567976186	86.02004295612413	10.431208171167945	PASS	PASS
DSP-1001250007864-D-G10.dcc	directPCR	NextSeq	2x27	0	normal4	normal	Geometric Segment	17547.88	glomerulus	abnormal	42	277.8929859399796	134.676427161321	2020-06-15	DSP-1001250007864-D-G10	1001250007864	G10		2648949	2624889	2604737	2475717	0.9939	0.9931	341456	15	Geometric Segment-aoi-001	340800	1208	0.35572098282645054	99.09171524253581	98.3309606942225	93.46034974625785	86.20779354021482	7.9892228738913635	WARNING	LowNuclei
DSP-1001250007864-D-G11.dcc	directPCR	NextSeq	2x27	0	normal4	normal	Geometric Segment	14923.97	glomerulus	abnormal	84	40.17044929787517	90.8573005348444	2020-06-15	DSP-1001250007864-D-G11	1001250007864	G11		1652642	1640213	1627575	1550159	0.9946	0.9939	232695	16	Geometric Segment-aoi-001	232422	772	0.33326138571120223	99.24793149393517	98.48321657079997	93.79883846592305	84.98895919708882	4.968677877732151	PASS	PASS
DSP-1001250007864-D-G12.dcc	directPCR	NextSeq	2x27	0	normal4	normal	Geometric Segment	14750.32	glomerulus	abnormal	-62	11.84591930359602	5.642854468896985	2020-06-15	DSP-1001250007864-D-G12	1001250007864	G12		780290	774451	768703	730074	0.9946	0.9938	127051	17	Geometric Segment-aoi-001	127595	357	0.2805765573177824	99.25168847479783	98.51503928026759	93.5644439887734	82.59751751192344	2.135414612397526	WARNING	LowNuclei
DSP-1001250007864-D-H01.dcc	directPCR	NextSeq	2x27	0	disease3	DKD	PanCK+	22152.11	tubule	NA	95	255.6861456483603	163.6863086372614	2020-06-15	DSP-1001250007864-D-H01	1001250007864	H01		7485137	7423555	7364647	6981003	0.9944	0.9937	729971	1	PanCK-aoi-001	727647	2649	0.3653803182905332	99.17727624758238	98.3902766241954	93.26486609396729	89.5434653158006	17.71644787252227	PASS	PASS
DSP-1001250007864-D-H02.dcc	directPCR	NextSeq	2x27	0	disease3	DKD	PanCK-	71817.92	tubule	NA	795	341.1438832990825	0.5032009445130825	2020-06-15	DSP-1001250007864-D-H02	1001250007864	H02		11365209	11264938	11163492	10486650	0.9943	0.9935	1213754	1	neg-aoi-001	1209008	4961	0.4120271052541969	99.11773729809984	98.22513602697495	92.26975060467431	88.42572222778486	33.40314440789384	PASS	PASS
DSP-1001250007864-D-H03.dcc	directPCR	NextSeq	2x27	0	disease3	DKD	PanCK+	37316.7	tubule	NA	242	159.0208965353668	23.41099246405065	2020-06-15	DSP-1001250007864-D-H03	1001250007864	H03		5764010	5716732	5675008	5412997	0.9943	0.9936	898058	2	PanCK-aoi-001	895263	3142	0.3521943772201305	99.17977241538442	98.45590136033768	93.91026386144368	83.40922782702447	21.084561834783152	PASS	PASS
DSP-1001250007864-D-H04.dcc	directPCR	NextSeq	2x27	0	disease3	DKD	PanCK-	102112.73	tubule	NA	1000	248.2853054068983	91.59230468794703	2020-06-15	DSP-1001250007864-D-H04	1001250007864	H04		12870214	12767450	12672391	11929146	0.9945	0.9938	1471691	2	neg-aoi-001	1465852	5762	0.3946332075420008	99.2015361982326	98.46293931087703	92.68801591022496	87.6630649000356	38.9628335297735	PASS	PASS
DSP-1001250007864-D-H05.dcc	directPCR	NextSeq	2x27	0	disease3	DKD	PanCK+	18398.69	tubule	NA	132	209.7328214906156	45.43868904002011	2020-06-15	DSP-1001250007864-D-H05	1001250007864	H05		3411689	3382824	3357777	3198844	0.9943	0.9937	486670	3	PanCK-aoi-001	485327	1335	0.27583100547116485	99.15393812273041	98.4197856252431	93.76130122059777	84.78606646651102	8.851922463627483	PASS	PASS
DSP-1001250007864-D-H06.dcc	directPCR	NextSeq	2x27	0	disease3	DKD	PanCK-	85148.24	tubule	NA	882	292.3908807337284	96.23285518027842	2020-06-15	DSP-1001250007864-D-H06	1001250007864	H06		9362879	9287046	9212501	8666469	0.9945	0.9938	900719	3	neg-aoi-001	897630	3044	0.34026913007804727	99.19006749953726	98.39389145155032	92.5620100398606	89.60685141780348	20.279056541586524	PASS	PASS
DSP-1001250007864-D-H07.dcc	directPCR	NextSeq	2x27	0	disease3	DKD	PanCK+	34778.48	tubule	NA	75	273.3999156393111	74.70213612541556	2020-06-15	DSP-1001250007864-D-H07	1001250007864	H07		13944956	13833308	13719967	12996696	0.9947	0.994	1364891	4	PanCK-aoi-001	1360449	4770	0.35185320418771704	99.19936642324294	98.38659225600999	93.19997854421341	89.49816938089496	32.18264895660897	PASS	PASS
DSP-1001250007864-D-H08.dcc	directPCR	NextSeq	2x27	0	disease3	DKD	PanCK-	87237.5	tubule	NA	921	263.4787338785827	23.69190487079322	2020-06-15	DSP-1001250007864-D-H08	1001250007864	H08		12560668	12469636	12377552	11713515	0.9949	0.9942	1280058	4	neg-aoi-001	1274403	4687	0.3691376654306947	99.27526147494703	98.54214759915635	93.25550997765404	89.07195662446328	31.720499917796833	PASS	PASS
DSP-1001250007864-D-H09.dcc	directPCR	NextSeq	2x27	0	disease3	DKD	PanCK+	23435.74	tubule	NA	-71	146.483192127198	128.0296479351819	2020-06-15	DSP-1001250007864-D-H09	1001250007864	H09		7081335	7023806	6969863	6624048	0.9944	0.9937	714769	5	PanCK-aoi-001	712386	2335	0.328849617844352	99.1875966890424	98.425833546923	93.54236171569343	89.20948338538611	15.814151595299027	WARNING	LowNuclei
DSP-1001250007864-D-H10.dcc	directPCR	NextSeq	2x27	0	disease3	DKD	PanCK-	78840.79	tubule	NA	841	238.3603623136878	44.89125912077725	2020-06-15	DSP-1001250007864-D-H10	1001250007864	H10		8937231	8854957	8773292	8321872	0.9944	0.9938	1055321	5	neg-aoi-001	1051102	3526	0.33658655792038	99.07942404084665	98.16566227280016	93.11465710128786	87.31870665638692	24.00419247902767	PASS	PASS
DSP-1001250007864-D-H11.dcc	directPCR	NextSeq	2x27	0	disease3	DKD	PanCK+	25414.45	tubule	NA	-30	244.3201258778572	64.7793943528086	2020-06-15	DSP-1001250007864-D-H11	1001250007864	H11		2213184	2191539	2172585	2081611	0.9937	0.9929	277454	6	PanCK-aoi-001	276871	608	0.22008014102503776	99.0219972672855	98.16558406350308	94.0550356409589	86.67118880520904	3.730192909682335	WARNING	LowNuclei
DSP-1001250007864-D-H12.dcc	directPCR	NextSeq	2x27	0	disease3	DKD	PanCK-	102140.65	tubule	NA	990	300.729295425117	170.325893862173	2020-06-15	DSP-1001250007864-D-H12	1001250007864	H12		3337838	3309630	3282938	3093639	0.994	0.9933	404631	6	neg-aoi-001	403473	1287	0.32000119347764466	99.15490206534888	98.35522275197299	92.68391695462752	86.92054890696684	8.530383181619108	PASS	PASS
DSP-1001250007868-B-A02.dcc	directPCR	NextSeq	2x27	0	disease1B	DKD	Geometric Segment	17343.44	glomerulus	normal	155	126.5928410924971	19.08238176256418	2020-06-15	DSP-1001250007868-B-A02	1001250007868	A02		2412414	2377865	2344570	2176893	0.9886	0.9869	41756	15	Geometric Segment-aoi-001	45632	208	0.4579077139837971	98.56786604620932	97.18771322003603	90.23712347880588	98.08185335705521	1.3277668342428772	PASS	PASS
DSP-1001250007868-B-A03.dcc	directPCR	NextSeq	2x27	0	disease1B	DKD	Geometric Segment	27363.79	glomerulus	normal	200	316.3561715744436	111.6597904358059	2020-06-15	DSP-1001250007868-B-A03	1001250007868	A03		2485803	2444386	2409599	2277760	0.9878	0.9859	48682	16	Geometric Segment-aoi-001	51820	229	0.4438758698222558	98.33385831459694	96.93443124817212	91.63075271853803	97.86272478224221	1.451229554300029	PASS	PASS
DSP-1001250007868-B-A04.dcc	directPCR	NextSeq	2x27	0	disease1B	DKD	Geometric Segment	21838.18	glomerulus	normal	112	200.347363948822	188.4850783739239	2020-06-15	DSP-1001250007868-B-A04	1001250007868	A04		2611327	2567277	2530225	2380468	0.9875	0.9854	44677	17	Geometric Segment-aoi-001	48054	226	0.4725265534833152	98.31311819622744	96.8942227457534	91.15932244410601	98.12318418058969	1.4157821386386635	PASS	PASS
DSP-1001250007868-B-A05.dcc	directPCR	NextSeq	2x27	0	disease1B	DKD	Geometric Segment	29316.19	glomerulus	normal	249	194.0047604963183	32.52141959965229	2020-06-15	DSP-1001250007868-B-A05	1001250007868	A05		1761196	1729188	1702393	1610516	0.9869	0.9849	34355	18	Geometric Segment-aoi-001	39438	192	0.48922183152423176	98.18259864319474	96.66118932816109	91.44445024858108	97.86683274180449	1.2594896779347995	PASS	PASS
DSP-1001250007868-B-A06.dcc	directPCR	NextSeq	2x27	0	disease1B	DKD	Geometric Segment	23376.82	glomerulus	abnormal	129	196.7288307845592	36.41195558011532	2020-06-15	DSP-1001250007868-B-A06	1001250007868	A06		1075280	1055546	1039862	987389	0.9873	0.9855	21249	19	Geometric Segment-aoi-001	28611	184	0.6472719597565695	98.1647570865263	96.70616025593334	91.82622200729112	97.84796063152416	1.2198366349857916	PASS	PASS
DSP-1001250007868-B-A07.dcc	directPCR	NextSeq	2x27	0	disease1B	DKD	Geometric Segment	34871.38	glomerulus	abnormal	252	186.6644954308867	178.5625741351396	2020-06-15	DSP-1001250007868-B-A07	1001250007868	A07		3596971	3532718	3480276	1969705	0.987	0.985	39143	20	Geometric Segment-aoi-001	42692	263	0.6198590586627071	98.21369146429038	96.75574254004272	54.760102319423765	98.01274810187313	1.5865094741274925	WARNING	LowAligned
DSP-1001250007868-B-A08.dcc	directPCR	NextSeq	2x27	0	disease1B	DKD	Geometric Segment	29638.5	glomerulus	abnormal	203	163.8167678378522	106.6610597539693	2020-06-15	DSP-1001250007868-B-A08	1001250007868	A08		6624280	6501597	6392274	2316137	0.9871	0.9852	49662	21	Geometric Segment-aoi-001	52276	299	0.5752544394636089	98.14797985592396	96.49764200788614	34.96435839064774	97.85582631770056	1.8161880807356592	WARNING	LowAligned
DSP-1001250007868-B-A09.dcc	directPCR	NextSeq	2x27	0	disease1B	DKD	Geometric Segment	24203.53	glomerulus	abnormal	219	9.900609403848648	11.9343840982765	2020-06-15	DSP-1001250007868-B-A09	1001250007868	A09		1274498	1246856	1225128	1160940	0.9856	0.983	24887	22	Geometric Segment-aoi-001	31982	177	0.5565162710265682	97.83114606692203	96.12631796989874	91.0899820949111	97.85630609678364	1.1853276296325697	WARNING	LowNegatives
DSP-1001250007868-B-A10.dcc	directPCR	NextSeq	2x27	0	disease1B	DKD	Geometric Segment	24850.07	glomerulus	abnormal	165	329.9572743475437	161.9069759268314	2020-06-15	DSP-1001250007868-B-A10	1001250007868	A10		1762715	1733661	1708493	1624815	0.9879	0.9861	30385	23	Geometric Segment-aoi-001	36264	191	0.5294818839575306	98.35174716275745	96.92394970258947	92.17684083927351	98.1299409471232	1.2282256923680832	PASS	PASS
DSP-1001250007868-B-A11.dcc	directPCR	NextSeq	2x27	0	disease1B	DKD	Geometric Segment	22985.6	glomerulus	abnormal	168	108.4921370260417	171.8247461598366	2020-06-15	DSP-1001250007868-B-A11	1001250007868	A11		811601	796263	784340	741467	0.9872	0.9852	19827	24	Geometric Segment-aoi-001	27681	173	0.628907954049731	98.1101551131652	96.64108348806865	91.3585616577604	97.32597674609929	1.1561388381648683	WARNING	LowNegatives
DSP-1001250007868-B-C01.dcc	directPCR	NextSeq	2x27	0	disease2B	DKD	PanCK+	11634.61	tubule	NA	-49	249.6484079398215	75.32248152419925	2020-06-15	DSP-1001250007868-B-C01	1001250007868	C01		4262545	4160072	4085803	3922861	0.9844	0.9813	84706	6	PanCK-aoi-001	86768	268	0.30982658959537573	97.595966728797	95.85360389157181	92.0309580309416	97.84070860527558	1.621217978169738	WARNING	LowNuclei
DSP-1001250007868-B-C02.dcc	directPCR	NextSeq	2x27	0	disease2B	DKD	PanCK-	74251.72	tubule	NA	692	226.2218971736729	199.3419801816344	2020-06-15	DSP-1001250007868-B-C02	1001250007868	C02		12986143	12575002	12268658	11789782	0.983	0.9788	262426	6	neg-aoi-001	262240	850	0.3251845900761315	96.83400221297424	94.47499538546587	90.78740315735011	97.77412338921958	5.450387506789478	PASS	PASS
DSP-1001250007868-B-C03.dcc	directPCR	NextSeq	2x27	0	disease2B	DKD	PanCK+	17370.78	tubule	NA	144	263.304128870368	148.9126269705594	2020-06-15	DSP-1001250007868-B-C03	1001250007868	C03		4316269	4241164	4183367	3991193	0.9877	0.9861	125101	7	PanCK-aoi-001	125641	412	0.32899727698855696	98.2599555310385	96.92090553206948	92.46858803285893	96.86557377706364	2.478593970307615	PASS	PASS
DSP-1001250007868-B-C04.dcc	directPCR	NextSeq	2x27	0	disease2B	DKD	PanCK-	81639.25	tubule	NA	844	347.3085093311965	97.10700856521726	2020-06-15	DSP-1001250007868-B-C04	1001250007868	C04		11800240	11605913	11453046	10963200	0.9879	0.9859	267543	7	neg-aoi-001	266994	1022	0.38425097378671436	98.35319451129807	97.05773780872254	92.90658495081456	97.55962675131349	6.74763628702983	PASS	PASS
DSP-1001250007868-B-C05.dcc	directPCR	NextSeq	2x27	0	disease2B	DKD	PanCK+	10375.91	tubule	NA	89	295.38802979514	194.4954505190253	2020-06-15	DSP-1001250007868-B-C05	1001250007868	C05		2950313	2894090	2847581	2719696	0.9869	0.9852	67724	8	PanCK-aoi-001	70412	226	0.32200153876841536	98.09433778721105	96.51792877569261	92.18330394097168	97.50986875003676	1.4172241138545933	PASS	PASS
DSP-1001250007868-B-C06.dcc	directPCR	NextSeq	2x27	0	disease2B	DKD	PanCK-	73735.65	tubule	NA	729	76.61313507705927	191.8191708158702	2020-06-15	DSP-1001250007868-B-C06	1001250007868	C06		19818750	19440505	19171764	18411502	0.9866	0.9848	435904	8	neg-aoi-001	435335	1396	0.32170420266442984	98.09147902869756	96.7354853358562	92.89941091138442	97.63243650626657	9.224603542837835	PASS	PASS
DSP-1001250007868-B-C07.dcc	directPCR	NextSeq	2x27	0	disease2B	DKD	PanCK+	6450.01	tubule	NA	-4	332.071234472096	177.5538377929479	2020-06-15	DSP-1001250007868-B-C07	1001250007868	C07		3396592	3342391	3298772	3161068	0.9881	0.9864	64244	9	PanCK-aoi-001	66949	232	0.3477374582190446	98.4042534399186	97.12005445458271	93.06587308690594	97.96764890853345	1.4271439119631597	WARNING	LowNuclei
DSP-1001250007868-B-C08.dcc	directPCR	NextSeq	2x27	0	disease2B	DKD	PanCK-	68227.62	tubule	NA	630	38.04560797289014	18.60350645147264	2020-06-15	DSP-1001250007868-B-C08	1001250007868	C08		19692313	19352971	19069231	18239133	0.9879	0.986	389191	9	neg-aoi-001	388678	1397	0.36071999400951765	98.27677937071181	96.83591257157043	92.62057230148638	97.86617598544844	9.112879349405912	PASS	PASS
DSP-1001250007868-B-C09.dcc	directPCR	NextSeq	2x27	0	disease2B	DKD	PanCK+	12227.75	tubule	NA	10	163.4417364373803	170.8753353916109	2020-06-15	DSP-1001250007868-B-C09	1001250007868	C09		8580871	8454122	8351594	7995200	0.9885	0.9869	149651	10	PanCK-aoi-001	150250	431	0.28768046776443573	98.52288887689839	97.32804513667669	93.1746905413215	98.1282394436662	2.578928565202865	WARNING	LowNuclei
DSP-1001250007868-B-C10.dcc	directPCR	NextSeq	2x27	0	disease2B	DKD	PanCK-	78998.74	tubule	NA	836	98.40035568922758	7.244471786543727	2020-06-15	DSP-1001250007868-B-C10	1001250007868	C10		31708477	31070605	30535446	29258804	0.9864	0.9843	597104	10	neg-aoi-001	596166	1719	0.2891763269055105	97.98832343792482	96.3005760257738	92.27439085138022	97.95923305682625	11.406431954394312	PASS	PASS
DSP-1001250007868-B-C11.dcc	directPCR	NextSeq	2x27	0	disease2B	DKD	PanCK+	10457.45	tubule	NA	21	336.1057694070041	41.56692181713879	2020-06-15	DSP-1001250007868-B-C11	1001250007868	C11		5799120	5702348	5622986	5410791	0.98740000000000006	0.9855	107131	11	PanCK-aoi-001	108381	318	0.29427278531967466	98.33126405385644	96.96274607181779	93.30365641683565	98.020049194286	1.9169366265650816	WARNING	LowNuclei
DSP-1001250007868-B-C12.dcc	directPCR	NextSeq	2x27	0	disease2B	DKD	PanCK-	46423.18	tubule	NA	489	42.5008911639452	108.3720605820417	2020-06-15	DSP-1001250007868-B-C12	1001250007868	C12		11433706	11223358	11081055	10615863	0.9866	0.9849	245415	11	neg-aoi-001	245187	810	0.3314550878355983	98.16028153951135	96.91568945362073	92.84708737481968	97.68822374591684	5.184883054676095	PASS	PASS
DSP-1001250007868-B-D01.dcc	directPCR	NextSeq	2x27	0	disease2B	DKD	Geometric Segment	23068.74	glomerulus	normal	134	186.8351944722235	41.4027695544064	2020-06-15	DSP-1001250007868-B-D01	1001250007868	D01		4606350	4524956	4462185	4279907	0.9875	0.9858	82495	12	Geometric Segment-aoi-001	83951	298	0.35623348833873264	98.2330044395237	96.87029860952815	92.91319591433565	98.07250484648381	1.7940803212866014	PASS	PASS
DSP-1001250007868-B-D02.dcc	directPCR	NextSeq	2x27	0	disease2B	DKD	Geometric Segment	23724.39	glomerulus	normal	90	391.4685692638159	56.50451281107962	2020-06-15	DSP-1001250007868-B-D02	1001250007868	D02		8415950	8289735	8179552	7845465	0.9883	0.9865	145998	13	Geometric Segment-aoi-001	146335	486	0.33322134536404086	98.50028814334686	97.19107171501732	93.22138320688693	98.1390777984479	2.978161997411561	PASS	PASS
DSP-1001250007868-B-D03.dcc	directPCR	NextSeq	2x27	0	disease2B	DKD	Geometric Segment	15825.42	glomerulus	normal	62	253.0755987390876	95.37401897832751	2020-06-15	DSP-1001250007868-B-D03	1001250007868	D03		4611878	4538825	4478114	4290588	0.9878	0.9859	79516	14	Geometric Segment-aoi-001	81055	344	0.42621204049014383	98.41598151555614	97.09957635479516	93.03342369420874	98.14673420053381	2.0451423452129434	PASS	PASS
DSP-1001250007868-B-D04.dcc	directPCR	NextSeq	2x27	0	disease2B	DKD	Geometric Segment	23053.23	glomerulus	normal	91	247.5623566657305	43.2080599013716	2020-06-15	DSP-1001250007868-B-D04	1001250007868	D04		6391391	6282942	6187356	5934476	0.9875	0.9856	109509	15	Geometric Segment-aoi-001	110200	419	0.38166895910949983	98.30320191645293	96.80765892745413	92.85108671962018	98.15469807275318	2.517345918561016	PASS	PASS
DSP-1001250007868-B-D05.dcc	directPCR	NextSeq	2x27	0	disease2B	DKD	Geometric Segment	18840.2	glomerulus	normal	169	398.7322612665594	146.7907647136599	2020-06-15	DSP-1001250007868-B-D05	1001250007868	D05		4247749	4176716	4112403	3942590	0.9877	0.9858	79253	16	Geometric Segment-aoi-001	80743	335	0.4166252114217491	98.32774959160723	96.8137006211996	92.81598324194768	97.98982394821678	1.9761790909470849	PASS	PASS
DSP-1001250007868-B-D06.dcc	directPCR	NextSeq	2x27	0	disease2B	DKD	Geometric Segment	15928.86	glomerulus	normal	1	282.7277439646423	5.92868928797543	2020-06-15	DSP-1001250007868-B-D06	1001250007868	D06		5585940	5489432	5407906	5190537	0.9872	0.9851	95843	17	Geometric Segment-aoi-001	96952	324	0.3353065364076665	98.27230510889842	96.8128193285284	92.92145995123471	98.15350511902719	1.9240435378823888	WARNING	LowNuclei
DSP-1001250007868-B-D07.dcc	directPCR	NextSeq	2x27	0	disease2B	DKD	Geometric Segment	24020	glomerulus	abnormal	202	51.17811374366283	76.19578521698713	2020-06-15	DSP-1001250007868-B-D07	1001250007868	D07		8025381	7890454	7774739	6826081	0.9879	0.986	142355	18	Geometric Segment-aoi-001	142345	760	0.5367800261327118	98.31874648692691	96.87688347755702	85.05616119658369	97.91454276619336	4.868958904562089	PASS	PASS
DSP-1001250007868-B-D08.dcc	directPCR	NextSeq	2x27	0	disease2B	DKD	Geometric Segment	30831.81	glomerulus	abnormal	192	345.8054685033858	47.02670010738075	2020-06-15	DSP-1001250007868-B-D08	1001250007868	D08		11601551	11410116	11252785	10780243	0.9878	0.986	209303	19	Geometric Segment-aoi-001	208732	879	0.42289502677372953	98.3499189030846	96.9937985015969	92.92070517123099	98.05845749488206	5.612182354531512	PASS	PASS
DSP-1001250007868-B-D09.dcc	directPCR	NextSeq	2x27	0	disease2B	DKD	Geometric Segment	25241.13	glomerulus	abnormal	150	389.0757704153657	85.10137666016817	2020-06-15	DSP-1001250007868-B-D09	1001250007868	D09		8621755	8461645	8335235	7993548	0.9866	0.9845	150700	20	Geometric Segment-aoi-001	150705	594	0.39570717668924993	98.14295349380724	96.67677868369027	92.71369924104779	98.11472952936543	3.5643250520466636	PASS	PASS
DSP-1001250007868-B-D10.dcc	directPCR	NextSeq	2x27	0	disease2B	DKD	Geometric Segment	20817.85	glomerulus	abnormal	178	245.078662969172	178.313399432227	2020-06-15	DSP-1001250007868-B-D10	1001250007868	D10		4216463	4123658	4053903	3856490	0.9854	0.9833	94075	21	Geometric Segment-aoi-001	95149	371	0.39144105172086346	97.79898459917709	96.14463591877836	91.4626785530906	97.56060562843415	2.211772241248692	PASS	PASS
DSP-1001250007868-B-D11.dcc	directPCR	NextSeq	2x27	0	disease2B	DKD	Geometric Segment	37763.21	glomerulus	abnormal	219	9.987868834286928	192.2114819288254	2020-06-15	DSP-1001250007868-B-D11	1001250007868	D11		6971428	6865618	6781968	6509359	0.9879	0.9859	113945	22	Geometric Segment-aoi-001	114254	470	0.4130633480981509	98.48223348215028	97.28233584281442	93.37196052229184	98.24952042128879	2.801494363352739	PASS	PASS
DSP-1001250007868-B-D12.dcc	directPCR	NextSeq	2x27	0	disease2B	DKD	Geometric Segment	35559.96	glomerulus	abnormal	308	345.2406226657331	182.3819982353598	2020-06-15	DSP-1001250007868-B-D12	1001250007868	D12		7510721	7288311	7136837	6867361	0.9825	0.9789	168801	23	Geometric Segment-aoi-001	168693	634	0.377248466312426	97.03876631817371	95.02199589094043	91.43411131900653	97.54198155594267	3.929592158748577	PASS	PASS
DSP-1002510007866-C-D10.dcc	directPCR	NextSeq	2x27	0	normal2B	normal	PanCK+	8313.84	tubule	NA	42	34.71995042636991	111.2027275841683	2020-06-15	DSP-1002510007866-C-D10	1002510007866	D10		4112337	4074642	4042098	3878985	0.994	0.9931	373967	7	PanCK-aoi-001	373094	1940	0.5226940838573746	99.08336792437001	98.29199309297852	94.32556232623931	90.35915323209551	13.284373232747322	WARNING	LowNuclei
DSP-1002510007866-C-D11.dcc	directPCR	NextSeq	2x27	0	normal2B	normal	PanCK-	96174.64	tubule	NA	1009	164.8776177316904	123.434088146314	2020-06-15	DSP-1002510007866-C-D11	1002510007866	D11		12067729	11967564	11878715	11287028	0.9944	0.9937	997325	7	neg-aoi-001	994877	4305	0.43459738413764976	99.16997638909525	98.43372352826286	93.53067176102479	91.16397159642024	29.620691667202834	PASS	PASS
DSP-1002510007866-C-D12.dcc	directPCR	NextSeq	2x27	0	normal2B	normal	PanCK+	6364.16	tubule	NA	68	184.7650902345777	190.5147828161716	2020-06-15	DSP-1002510007866-C-D12	1002510007866	D12		2649518	2628409	2603844	2527407	0.9947	0.994	196032	8	PanCK-aoi-001	195488	1418	0.7306641933323027	99.20328905106514	98.27613928269217	95.39119945590103	92.24375021514145	9.499164038832074	PASS	PASS
DSP-1002510007866-C-E01.dcc	directPCR	NextSeq	2x27	0	normal2B	normal	PanCK-	60662.64	tubule	NA	603	369.9823190458119	101.2814279645681	2020-06-15	DSP-1002510007866-C-E01	1002510007866	E01		4974802	4930233	4887947	4635085	0.9941	0.9932	579196	8	neg-aoi-001	578104	2236	0.38828342606291716	99.10410504779888	98.25410136926052	93.17124581038601	87.50409107923586	14.996557427573014	PASS	PASS
DSP-1002510007866-C-E02.dcc	directPCR	NextSeq	2x27	0	normal2B	normal	PanCK+	21252.87	tubule	NA	-14	272.9122284799814	108.4248652681708	2020-06-15	DSP-1002510007866-C-E02	1002510007866	E02		5096580	5055751	5017480	4745257	0.9945	0.9938	476913	9	PanCK-aoi-001	476220	1387	0.29210269715879056	99.19889416039776	98.44797884071279	93.1066911536756	89.94969081758902	9.120362495893927	WARNING	LowNuclei
DSP-1002510007866-C-E03.dcc	directPCR	NextSeq	2x27	0	normal2B	normal	PanCK-	85405.91	tubule	NA	934	131.5655252896249	11.10090855509043	2020-06-15	DSP-1002510007866-C-E03	1002510007866	E03		10058268	9969884	9886202	9320423	0.9946	0.994	1144062	9	neg-aoi-001	1141684	3831	0.3366867249108628	99.12128012496784	98.28930786095579	92.66429369350668	87.72521375907509	25.979822781445325	PASS	PASS
DSP-1002510007866-C-E04.dcc	directPCR	NextSeq	2x27	0	normal2B	normal	PanCK+	7349.79	tubule	NA	75	327.6292412541807	0.4285287111997604	2020-06-15	DSP-1002510007866-C-E04	1002510007866	E04		2445448	2421256	2401425	2263643	0.9938	0.993	208273	10	PanCK-aoi-001	208298	607	0.2922610994217371	99.01073341162846	98.19979815559357	92.56557489670605	90.79921171315442	3.885933424196267	PASS	PASS
DSP-1002510007866-C-E05.dcc	directPCR	NextSeq	2x27	0	normal2B	normal	PanCK-	66892.02	tubule	NA	722	89.29092455655336	186.4909315016121	2020-06-15	DSP-1002510007866-C-E05	1002510007866	E05		11064148	10970118	10876029	10245899	0.9946	0.9939	905961	10	neg-aoi-001	903956	3642	0.40452553220320914	99.1501379048798	98.29974255586603	92.6045005905561	91.157818362254	24.727790139996817	PASS	PASS
DSP-1002510007866-C-E06.dcc	directPCR	NextSeq	2x27	0	normal2B	normal	PanCK+	11468.34	tubule	NA	-105	210.1281394250691	2.743364172056317	2020-06-15	DSP-1002510007866-C-E06	1002510007866	E06		2697322	2676981	2655691	2506133	0.9949	0.9941	229024	11	PanCK-aoi-001	229025	609	0.2666188007845335	99.24588165595357	98.45658026739113	92.91189557642728	90.86145866959176	3.7725127068178907	WARNING	LowNuclei
DSP-1002510007866-C-E07.dcc	directPCR	NextSeq	2x27	0	normal2B	normal	PanCK-	118494.68	tubule	NA	1207	321.0504511371255	141.0751375835389	2020-06-15	DSP-1002510007866-C-E07	1002510007866	E07		15423796	15279172	15167722	14280732	0.994	0.9933	1339530	11	neg-aoi-001	1336637	4873	0.36590567097473725	99.06233199661095	98.33974723213403	92.58895799711044	90.62001863770008	33.350321806860634	PASS	PASS
DSP-1002510007866-C-E08.dcc	directPCR	NextSeq	2x27	0	normal2B	normal	PanCK+	12457.97	tubule	NA	291	227.724708430469	187.9221029113978	2020-06-15	DSP-1002510007866-C-E08	1002510007866	E08		3545771	3517781	3491219	3293852	0.9947	0.994	288967	12	PanCK-aoi-001	288713	847	0.2942341228210348	99.21060891975257	98.46149116792935	92.89522645427468	91.22708002666786	5.349375949642059	PASS	PASS
DSP-1002510007866-C-E09.dcc	directPCR	NextSeq	2x27	0	normal2B	normal	PanCK-	160617.85	tubule	NA	1625	44.12574134767056	185.7237056363374	2020-06-15	DSP-1002510007866-C-E09	1002510007866	E09		14855875	14718523	14597707	13697547	0.9941	0.9934	1326044	12	neg-aoi-001	1323268	4813	0.36504848477953367	99.07543648556548	98.26218246989828	92.20289616060985	90.31911334197284	32.95802864684135	PASS	PASS
DSP-1002510007866-C-E10.dcc	directPCR	NextSeq	2x27	0	normal2B	normal	Geometric Segment	24103.13	glomerulus	normal	168	13.27482266351581	189.7278461139649	2020-06-15	DSP-1002510007866-C-E10	1002510007866	E10		2804345	2778674	2756849	2616437	0.9941	0.9934	262113	13	Geometric Segment-aoi-001	261818	868	0.3326307721785783	99.08459907750294	98.30634247925987	93.29939789861804	89.98206339384438	5.5844055943882	PASS	PASS
DSP-1002510007866-C-E11.dcc	directPCR	NextSeq	2x27	0	normal2B	normal	Geometric Segment	25156.07	glomerulus	normal	151	125.5724315531552	21.26744007691741	2020-06-15	DSP-1002510007866-C-E11	1002510007866	E11		2838814	2809797	2785454	2640611	0.9935	0.9925	272691	14	Geometric Segment-aoi-001	272377	941	0.3466747225865397	98.97784779136639	98.12034180471142	93.01810544826114	89.67318548623784	6.097309305189757	PASS	PASS
DSP-1002510007866-C-E12.dcc	directPCR	NextSeq	2x27	0	normal2B	normal	Geometric Segment	22744.19	glomerulus	normal	167	396.369303856045	192.492240248248	2020-06-15	DSP-1002510007866-C-E12	1002510007866	E12		2241328	2222638	2206521	2095034	0.9944	0.9936	221098	15	Geometric Segment-aoi-001	220869	836	0.37994300854871765	99.16611937208654	98.44703675677991	93.47288750240928	89.44656745427521	5.19987286453093	PASS	PASS
DSP-1002510007866-C-F01.dcc	directPCR	NextSeq	2x27	0	normal2B	normal	Geometric Segment	25428.34	glomerulus	normal	228	74.34633010998368	14.86654253676534	2020-06-15	DSP-1002510007866-C-F01	1002510007866	F01		2678229	2658388	2636426	2504264	0.995	0.9943	289060	16	Geometric Segment-aoi-001	288521	951	0.3307020899259311	99.25917462621754	98.43915512825826	93.50447627891415	88.45728725086492	5.987252866401861	PASS	PASS
DSP-1002510007866-C-F02.dcc	directPCR	NextSeq	2x27	0	normal2B	normal	Geometric Segment	23616.15	glomerulus	normal	85	298.5894835554063	187.4637113884091	2020-06-15	DSP-1002510007866-C-F02	1002510007866	F02		1977220	1956093	1934406	1837344	0.9939	0.993	298154	17	Geometric Segment-aoi-001	297648	1019	0.34352676238668506	98.9314795520984	97.83463650984716	92.92562284419539	83.77255429576607	6.629952633191575	PASS	PASS
DSP-1002510007866-C-F03.dcc	directPCR	NextSeq	2x27	0	normal2B	normal	Geometric Segment	19466.75	glomerulus	normal	139	78.98554047569633	46.15693995729089	2020-06-15	DSP-1002510007866-C-F03	1002510007866	F03		2262136	2242686	2224133	2111241	0.9941	0.9931	287122	18	Geometric Segment-aoi-001	286749	968	0.33872090866782606	99.14019316256848	98.32003911347506	93.3295345637928	86.40032094867426	6.272800345530243	PASS	PASS
DSP-1002510007866-C-F04.dcc	directPCR	NextSeq	2x27	0	normal2B	normal	Geometric Segment	26072	glomerulus	abnormal	145	382.03992433846	1.972052175551653	2020-06-15	DSP-1002510007866-C-F04	1002510007866	F04		2375030	2355176	2336035	2216206	0.9944	0.9936	270733	19	Geometric Segment-aoi-001	270296	900	0.33408068419724124	99.16405266459792	98.35812600261892	93.31275815463384	87.7839424674421	5.718595782080734	PASS	PASS
DSP-1002510007866-C-F05.dcc	directPCR	NextSeq	2x27	0	normal2B	normal	Geometric Segment	17504.12	glomerulus	abnormal	51	339.8710034787655	140.5610418878496	2020-06-15	DSP-1002510007866-C-F05	1002510007866	F05		1909449	1895120	1880011	1784443	0.9948	0.9941	212292	20	Geometric Segment-aoi-001	212101	804	0.3805070587845545	99.24957409179297	98.45829870292425	93.45329464154318	88.10317841477705	5.015793885515716	PASS	PASS
DSP-1002510007866-C-F06.dcc	directPCR	NextSeq	2x27	0	normal2B	normal	Geometric Segment	14347.54	glomerulus	abnormal	118	216.266966983676	25.7365062367171	2020-06-15	DSP-1002510007866-C-F06	1002510007866	F06		950470	942776	934941	878966	0.9948	0.994	109779	21	Geometric Segment-aoi-001	110529	363	0.32950275039485866	99.19050574978695	98.366176733616	92.47698507054405	87.51043840148537	2.175049371875846	PASS	PASS
DSP-1002510007866-C-F07.dcc	directPCR	NextSeq	2x27	0	normal2B	normal	Geometric Segment	18453.14	glomerulus	abnormal	205	124.7928595170379	157.152102002874	2020-06-15	DSP-1002510007866-C-F07	1002510007866	F07		1549854	1536158	1522357	1450252	0.9943	0.9935	173720	22	Geometric Segment-aoi-001	173975	468	0.269729751537402	99.11630385829892	98.225832884904	93.5734591774451	88.02139214426182	2.8404488012477773	PASS	PASS
DSP-1002510007866-C-G10.dcc	directPCR	NextSeq	2x27	0	disease1B	DKD	PanCK+	11510.39	tubule	NA	79	376.6785888932645	128.7332732696086	2020-06-15	DSP-1002510007866-C-G10	1002510007866	G10		1782322	1760182	1744060	1654688	0.9927	0.9915	244362	7	PanCK-aoi-001	243925	1043	0.4294266351561664	98.75780021791797	97.85324986169726	92.83889218670924	85.2321404397687	6.694686027141676	PASS	PASS
DSP-1002510007866-C-G11.dcc	directPCR	NextSeq	2x27	0	disease1B	DKD	PanCK-	61035.47	tubule	NA	554	230.9390519745648	198.1729286257178	2020-06-15	DSP-1002510007866-C-G11	1002510007866	G11		3719310	3688956	3661644	3465160	0.9946	0.9939	429815	7	neg-aoi-001	428804	2001	0.46883456770453813	99.18388088113119	98.44955112641861	93.16674329378299	87.59609945861085	13.363486136664216	PASS	PASS
DSP-1002510007866-C-G12.dcc	directPCR	NextSeq	2x27	0	disease1B	DKD	PanCK+	10672.48	tubule	NA	38	0.8253360167145729	147.2109645605087	2020-06-15	DSP-1002510007866-C-G12	1002510007866	G12		1399943	1390196	1381126	1309805	0.9949	0.9943	149057	8	PanCK-aoi-001	149022	645	0.43470349178107115	99.30375736726424	98.65587384629231	93.5613092818779	88.61990907043415	3.9465686498458226	WARNING	LowNuclei
DSP-1002510007866-C-H01.dcc	directPCR	NextSeq	2x27	0	disease1B	DKD	PanCK-	70102.8	tubule	NA	667	84.47834039106965	148.4748682472855	2020-06-15	DSP-1002510007866-C-H01	1002510007866	H01		2199371	2180883	2164892	2046677	0.9945	0.9937	317985	8	neg-aoi-001	317250	1603	0.5078457897588129	99.15939602731872	98.43232451459986	93.05737867781289	84.46335205799448	10.673966357232269	PASS	PASS
DSP-1002510007866-C-H03.dcc	directPCR	NextSeq	2x27	0	disease1B	DKD	PanCK+	15331.41	tubule	NA	-31	124.0623275749385	3.702792385593057	2020-06-15	DSP-1002510007866-C-H03	1002510007866	H03		2423110	2401429	2380042	2267219	0.9944	0.9937	286785	9	PanCK-aoi-001	286273	1102	0.3864348057831968	99.10524078560198	98.22261473890991	93.56649099710702	87.35080289994042	6.944332777112098	WARNING	LowNuclei
DSP-1002510007866-C-H04.dcc	directPCR	NextSeq	2x27	0	disease1B	DKD	PanCK-	120199.59	tubule	NA	1221	314.7635963745415	113.2186226081103	2020-06-15	DSP-1002510007866-C-H04	1002510007866	H04		6100956	6049591	6004143	5720127	0.9942	0.9934	793748	9	neg-aoi-001	791333	3928	0.4988538299858396	99.15808276604518	98.41315033250527	93.75787991259075	86.12359480829709	26.63401476655746	PASS	PASS
DSP-1002510007866-C-H05.dcc	directPCR	NextSeq	2x27	0	disease1B	DKD	PanCK+	24825.61	tubule	NA	58	340.3202895075083	68.00733278505504	2020-06-15	DSP-1002510007866-C-H05	1002510007866	H05		2214794	2194358	2174069	2062259	0.9943	0.9936	328886	10	PanCK-aoi-001	328197	1388	0.42471290570333126	99.07729567625702	98.16122853863611	93.11290350253793	84.05214863894399	9.211515291106355	PASS	PASS
DSP-1002510007866-C-H06.dcc	directPCR	NextSeq	2x27	0	disease1B	DKD	PanCK-	184639.44	tubule	NA	1834	226.974533777684	193.3066584169865	2020-06-15	DSP-1002510007866-C-H06	1002510007866	H06		8206493	8143059	8081167	7668916	0.9946	0.9938	998898	10	neg-aoi-001	995745	5074	0.5121781095843121	99.22702669703123	98.47284339363964	93.4493699074623	86.97471715689676	34.69715636647553	PASS	PASS
DSP-1002510007866-C-H07.dcc	directPCR	NextSeq	2x27	0	disease1B	DKD	PanCK+	8595.7	tubule	NA	160	82.61167267337441	29.70370808616281	2020-06-15	DSP-1002510007866-C-H07	1002510007866	H07		867708	859778	851724	757388	0.9945	0.9938	116260	11	PanCK-aoi-001	116524	485	0.4179629262575513	99.08609808829698	98.15790565489773	87.28604553605591	84.64987562517494	2.9691468799670995	PASS	PASS
DSP-1002510007866-C-H08.dcc	directPCR	NextSeq	2x27	0	disease1B	DKD	PanCK-	67263.41	tubule	NA	664	39.88508861511946	69.90470248274505	2020-06-15	DSP-1002510007866-C-H08	1002510007866	H08		2971988	2947626	2925080	2778654	0.9945	0.9937	408220	11	neg-aoi-001	407268	1646	0.4057965297740261	99.18027932818033	98.42166253699544	93.49479203819128	85.3087142191867	10.95703583172982	PASS	PASS
DSP-1002510007866-C-H09.dcc	directPCR	NextSeq	2x27	0	disease1B	DKD	PanCK+	9549.2	tubule	NA	-106	265.6328437849879	73.84316753596067	2020-06-15	DSP-1002510007866-C-H09	1002510007866	H09		1282197	1269935	1261273	1183116	0.9937	0.9929	162846	12	PanCK-aoi-001	162699	780	0.4817223426528079	99.04367269616135	98.36811348022184	92.27256030079621	86.23583824409441	4.891130844830311	WARNING	LowNuclei
DSP-1002510007866-C-H10.dcc	directPCR	NextSeq	2x27	0	disease1B	DKD	PanCK-	67032.55	tubule	NA	705	170.7124232314527	185.7374422717839	2020-06-15	DSP-1002510007866-C-H10	1002510007866	H10		4309664	4276408	4244726	3978209	0.9949	0.9942	498008	12	neg-aoi-001	496674	2739	0.5545264052962434	99.22833891458824	98.49320039798927	92.30902919577953	87.48160290221053	18.380672764857117	PASS	PASS
DSP-1002510007866-C-H11.dcc	directPCR	NextSeq	2x27	0	disease1B	DKD	Geometric Segment	17039.36	glomerulus	normal	131	104.8627089709044	151.7630394082516	2020-06-15	DSP-1002510007866-C-H11	1002510007866	H11		705518	699311	693525	660348	0.9942	0.9935	80775	13	Geometric Segment-aoi-001	81653	331	0.4070239295639556	99.12022088734803	98.3001142423014	93.59761196737716	87.76781333478712	2.023606684502449	PASS	PASS
DSP-1002510007866-C-H12.dcc	directPCR	NextSeq	2x27	0	disease1B	DKD	Geometric Segment	21155.03	glomerulus	niormal	135	159.6249117515981	40.63897491432726	2020-06-15	DSP-1002510007866-C-H12	1002510007866	H12		1393969	1383682	1374831	1310359	0.9945	0.9939	113289	14	Geometric Segment-aoi-001	113593	442	0.3906284522452298	99.2620352389472	98.62708568124542	94.00201869625508	91.3543540358024	2.6017415453860986	PASS	PASS
